Height (cm),Weight (kg),Screen Time (hrs),Junk Food (days/week),Physical Activity (hrs/week),Task Completion (scale),Human-Zombie Score
157,41,8.455099452311135,5.6227361707782,4.4748194241765,6.16611933606863,54.88135039273247
151,40,8.581429765727714,5.922744486360605,3.74970683723086,1.0848770228003681,71.51893663724195
166,45,5.018847442571767,5.746557065647644,4.5966618944654964,2.030813801181069,60.276337607164386
160,75,6.417009636806756,4.634546711716637,4.546153295866027,3.3604298969494963,54.48831829968969
153,74,4.417465077354919,4.740152976164867,6.601801240892725,5.75860265270609,42.36547993389047
145,40,6.97460617065571,6.085755359078501,2.8844891486891293,3.963300770887661,64.58941130666561
146,67,5.737799162443121,4.063433807942491,7.452736224696904,5.658325546894389,43.75872112626925
149,54,8.154487935111574,6.324544823481053,1.661171909526208,2.603585188030722,89.17730007820798
140,53,7.654985147703856,6.864832875152855,0.0,0.18676699135297903,96.36627605010293
145,48,6.792148608472335,3.8984266765022473,5.579731159158218,6.389984457736719,38.34415188257777
151,40,8.91609566999828,4.628614231555838,1.74237220563927,2.8110125582825023,79.17250380826646
152,76,7.525092105875169,4.16901818191864,6.432244834463438,4.826983001865553,52.88949197529045
140,55,8.67865922668634,4.9805424872907835,4.279189863185535,2.904066898646439,56.80445610939323
142,49,11.133597572621714,6.774823537066485,0.743461582157015,1.0606019280004548,92.5596638292661
182,56,5.992097758081428,2.483545960645109,10.0,10.0,7.103605819788694
181,84,4.998704392043534,2.2849336458423717,10.0,7.972604133104817,8.712929970154072
167,69,3.8302027013596165,1.0844484348002867,7.742759648009576,10.0,2.021839744032572
140,54,8.209820746400771,6.224620829741987,2.272876534034447,3.1742175477930514,83.2619845547938
148,41,6.51250023383491,5.997647298840583,0.9126220063571078,1.3672695548592548,77.81567509498505
147,52,9.975473549558288,5.896292881197624,1.1965455084185512,0.7059291888463212,87.00121482468191
140,40,9.412237477557897,7.0,0.0,0.0,97.8618342232764
155,63,11.59054938509281,6.123971832161882,2.912459673183737,2.6903950992766528,79.91585642167236
142,60,5.47352607575033,4.0370085981292725,8.341605144167684,5.353871653423446,46.147936225293186
140,85,8.883821983685987,5.840809111985871,0.609949197883902,2.1660611496347055,78.05291762864555
157,55,4.254917210036073,3.0098843441661685,9.31435208941977,9.706154769524941,11.827442586893323
153,40,5.269596328555308,5.346148745153628,4.8664534285063485,4.6026639196921115,63.99210213275238
148,81,2.8558272598175765,2.2510828573849353,8.384443683289954,8.423941944248005,14.33532874090464
154,40,6.632692007173887,7.0,0.0,0.808993181365196,94.46689170495839
140,62,7.064693682731107,5.190016976072837,6.545718559423884,5.546741792186608,52.184832175007166
145,52,6.182654720627997,3.6649290509558465,5.499859048596516,6.016512692930002,41.46619399905236
162,49,5.967533726833715,2.963673204540381,6.963979201124992,7.104580423011205,26.455561210462697
140,50,7.331852772907272,5.554480432626498,2.3395867559631305,0.7568101502958136,77.42336894342166
149,40,4.60376396431936,4.573571350299565,4.94245149481152,2.5111629531022346,45.615033221654855
146,72,6.496093629756215,5.18121402827603,4.955760985585629,4.976400426788534,56.84339488686485
187,54,3.7514125596257326,2.3884647132515853,8.6588216010235,9.944849784423615,1.8789800436355142
157,40,5.698957285068051,5.444357152376305,3.1030297820076385,4.417368953417833,61.76354970758771
158,40,7.8574430697519935,4.418030823061277,3.476556774928766,3.9915890826544165,61.20957227224214
154,59,8.053917606574405,4.804204831236446,4.573319033749867,2.1869063469835464,61.69339968747569
148,49,10.83671129682272,5.763032077066681,1.2319591680978297,2.0966678886616505,94.37480785146242
150,64,7.236543590695835,5.828047254681481,4.616581344966526,5.3103720898391344,68.18202991034835
155,40,5.64726192894649,4.305398202495471,6.0983582579195525,5.325305207215882,35.9507900573786
155,40,7.901976520781067,4.7328164890390445,5.997591097374947,5.341682503794475,43.703195379934144
140,60,6.833465591311838,5.288113902498712,4.291842332728434,0.7322162353622597,69.76311959272648
170,94,3.364212867194999,2.4683060970697883,9.463197993906602,8.573293533241438,6.022547162926983
140,72,10.676406608385165,5.526994069176569,4.166901636701267,3.7389473423242428,66.67667154456677
154,72,8.150535087106599,6.111523601278531,2.1779698990253604,3.908338172332223,67.06378696181594
178,52,5.887588533504777,2.0956784386243332,8.743832058084774,7.376859488717887,21.03825610738409
155,70,4.353201641472147,3.0158416728776762,8.949308288408385,7.978169078094522,12.892629765485331
161,42,6.718399193847923,3.4080230208159623,6.382128866063964,7.30688180032866,31.542835092418386
169,54,6.272995828525797,3.643062955913085,5.217137881402641,5.9360891686660375,36.37107709426226
159,40,6.662247669281915,5.166172370562934,4.2792814547214,3.1136860640606763,57.019677041787965
169,44,5.709784019942326,4.408548855360233,6.152700924452719,5.504271301938715,43.86015134623204
140,40,9.575987441965891,6.517016499047106,0.37112960900171654,0.0,98.83738380592261
163,61,4.700996245946418,2.771293000262271,8.88797473648612,10.0,10.204481074802807
159,69,4.498695439072471,3.246686884913037,8.979711359951995,6.418407456101957,20.88767560948347
163,72,4.104059192673799,3.6316754798696875,9.472118292707918,8.148674980699976,16.130951788499626
146,66,7.692426041185607,5.3901520442343696,2.6295083392073435,2.197775404286533,65.31083254653984
154,54,5.184789835872451,3.6585372660119164,7.286114247386304,6.39744864698597,25.329160253978213
144,51,8.609046843353877,3.590343850510874,4.944461590057846,6.034508706271829,46.63107728563063
158,50,3.321109597299314,2.994855122968091,7.700837870793644,7.948285114074752,24.442559200160275
168,77,5.730644014664662,2.308711000481013,8.351595706739866,9.654229987166246,15.896958364551972
189,73,3.133295519211303,2.5264083155979926,9.582718663647007,8.53952526105151,11.037514116430513
171,72,7.091729378560313,6.13537469264454,2.394936200760351,4.6997985814537895,65.63295894652734
161,88,3.7448418024654657,1.8282055675456297,8.914511260189574,8.716400254004165,13.81829513486138
166,49,2.3441996038632054,2.8284109587860864,10.0,7.455473416683528,19.65823616800535
163,58,4.628809703612534,3.82093624881481,4.38768015424141,5.017094728878112,36.872517066096414
144,40,8.543144508529254,5.852056708073325,1.6467106163833005,2.6089638567166307,82.09932298479352
164,69,2.7845526989922065,3.17908626111244,7.842613670542826,9.493663822593774,9.710127579306127
143,64,10.81123678237948,6.750110274360902,1.807216499936813,2.8267812462511,83.7944907498804
170,69,2.436467952049563,2.986705591474649,9.998479366979113,8.963501419323002,9.609840789396307
140,62,9.584337400688925,6.730427180055607,0.55285356531917,0.45879940045833134,97.64594650133958
151,43,5.374508783074362,4.290551598000893,6.766831151670307,5.3354556048036,46.86512016477016
144,40,11.714266116532368,7.0,0.79945292809516,0.006151527085022729,97.67610881903371
146,42,5.219618709476974,5.095714764563193,5.261093724785727,4.752097445403669,60.4845519745046
152,76,8.79772124476006,5.286943898132918,2.740663928908919,2.865698370117195,73.92635793983017
167,70,5.0696191615745345,2.568854294894486,8.641832009603249,9.621538868043652,3.9187792254320675
167,48,7.09120448165941,2.3588512968994646,7.531695526799617,6.215294566507074,28.280696257640958
192,55,4.106706820680032,3.137394573357853,8.958312601389546,9.408814492517163,12.01965612131689
158,61,7.6654792503034965,4.346343343999405,7.245771592563975,6.7103103239115125,29.614019752214492
164,80,2.403568701819533,2.773291007511779,9.662359890798339,8.280081441234772,11.872771895424405
166,72,4.398517224363994,4.028207369539624,6.099197566115373,7.178201628496973,31.798317939397602
145,82,5.091161809310987,4.057195330895707,5.976306038319238,7.528787018545692,41.426299451466996
161,72,3.8349395136897066,1.80203625937702,8.6040323724467,10.0,6.4147496348784365
158,48,4.676406912576525,6.137125911734101,3.9496004949115604,2.5089303448300573,69.24721193700198
140,57,8.38900956271971,4.393101905955429,3.665817065519517,3.608165136888854,56.660145420657514
148,80,6.704640566385111,4.434357191871884,7.684444634669962,7.90958061090397,26.53894909394454
153,60,6.23045657683406,4.439472077586702,3.578388293241499,4.331887379105922,52.32480534666997
154,64,5.544878980800062,2.5014443957087784,9.039870804609246,8.956042344722462,9.394051075844168
142,55,7.89225976645883,4.88295591369174,4.6006319394277435,1.9192622119301017,57.59464955561793
140,40,8.03976142154538,6.851604809762622,1.7894263679639602,0.49294365849114513,92.92961975762141
151,78,4.193438381273833,3.3040068836218253,7.2533959499604785,7.357715901132551,31.856895245132367
148,57,6.910935486921692,5.172934248483947,3.993211811587974,2.788442098196835,66.74103799636816
158,44,4.415714651038158,3.2651709515243263,8.489066652666557,8.301746040623533,13.179786240439217
148,48,9.425171323814096,4.865928889403322,2.791586053259296,3.102200888920153,71.63272041185655
169,65,6.033853171368108,3.105835387438835,6.648341985195838,6.960507331009851,28.94060929472011
163,107,3.351926159201285,2.472725447640085,8.436788456479569,8.558161135003273,18.319136200711682
149,58,7.274864993616501,4.879280207821107,4.676283727365985,3.991944277829458,58.65129348100832
164,59,2.2209471043658753,2.1342027967820867,10.0,9.784806490751222,2.0107546187493552
151,65,11.175986229795313,6.0409526909735485,2.1740228412207077,1.1693073785752968,82.89400292173632
158,76,2.4562111894464334,2.169085306628696,10.0,10.0,0.46954761925470656
151,41,7.6436532596956175,5.865822464035654,2.990925061757676,3.9899459942918076,67.781653679623
161,40,4.464940798613168,3.7489718352919637,9.012097294880357,7.401555068688998,27.000797319216485
140,84,6.34708123340182,5.590899778162648,2.8964874323656598,3.4575018804486843,73.5194022122595
146,54,9.616767799706178,6.925281911183763,0.0,0.37857019229406674,96.21885451174383
176,81,5.974081514688702,2.808714422704464,7.842900231724765,7.285751215068998,24.875314351995804
145,58,6.776975933092433,5.541896332174339,4.1806208941468705,5.5201439821473315,57.61573344178369
146,40,4.667747427942821,5.0509624150493195,4.048997898356971,4.006081284038279,59.2041931271839
140,46,6.692824845294558,3.641554907172255,5.218774405512337,5.347115509802359,57.22519057908734
171,51,3.495150824332751,2.9417020092656156,7.170701439673138,8.561198897839136,22.308163264061832
140,40,9.747763361347758,6.310252368393372,0.0,0.8122174648523899,95.2749011516985
154,56,7.577917153777075,4.729702243318626,5.73576700150909,6.162259377545291,44.71253786176273
140,40,7.874547988974071,5.934843974246859,0.8808913598319207,1.223223371082665,84.64086724711278
154,57,7.663093609842065,5.158549735832649,3.1372247274683245,3.370889698579683,69.94792753175044
145,59,5.151600781016861,3.2344506860171527,7.815652368205466,7.348396464470355,29.743695085513366
161,41,6.55507161986409,5.19097861619611,0.49311784589699736,1.7280477763908406,81.37978197024772
145,40,6.304940916315343,3.2508659819033223,6.9729909897942,6.337479644430266,39.65057408469846
146,59,8.726484443697537,6.671673835941239,1.6736993826824391,0.0,88.11031971111616
159,41,5.634442112812799,4.506350469424866,4.430610965326891,4.368545222894023,58.12728726358587
140,57,7.15348763224079,6.992842200843105,0.0,0.8672960558880647,88.17353618548528
141,44,7.783973965854016,4.9402741205978105,2.0074018990634945,2.067317645771328,69.25315900777659
149,44,9.307533054327173,5.658056782198673,1.9903690583117521,1.9990333180724469,72.52542798196406
156,52,7.2457634325314775,4.3387807105603615,4.511745654757394,3.2700737541038567,50.13243819267023
142,64,7.925521958237232,6.206594320946386,0.5199328228575782,0.2819582081133092,95.6083634723224
146,43,6.9963125803034485,5.291441132077935,4.855779162053059,4.421992983206737,64.39901992296375
142,78,6.655005528971625,3.7951389676585934,6.29153244564781,4.765840775486316,42.38550485581797
165,70,9.033965466488578,5.0355789869133405,3.5114330397887485,2.777850906444561,60.639321412792434
176,77,5.395775678139387,2.313927085139363,9.207321449449068,10.0,1.9193198309333526
161,99,5.434918593384509,3.063947885048609,8.36123898552491,5.360951771077389,30.15748166745493
140,73,9.23551524775526,6.5335659359571,3.812275583431694,3.5781598799176875,66.01735374926851
179,89,2.93150929429586,3.157109175647501,8.126985423921923,7.785082829146606,29.007760721044406
151,70,8.089042106913666,5.483818960361466,2.9949843256326973,3.8801425669343055,61.801542899884154
140,59,8.390019467622444,4.105234183906061,5.969423737719209,5.108432778947096,42.87687009457662
193,64,3.8861544274406605,2.7227036030088803,7.935569364265194,9.694173119259323,13.547406422245023
161,40,7.15188865057929,3.578477890034128,6.865174080495536,4.760008922784862,29.828232595603076
140,40,9.023160567702682,4.492352334869145,3.677460458933723,4.241917119609431,56.99649107012649
144,42,8.074097096675395,4.93263769996534,3.9511742512978536,3.9773862943396625,59.08727612481732
155,49,9.533529376699951,4.883614615473485,4.062441539676216,4.342302588882802,57.43252488495788
146,40,7.137111542444128,5.349715947100231,2.09987537789469,2.699117375168422,65.32008198571336
142,40,7.221229767377715,5.06950166607142,2.3149747418173785,2.2248345734485597,65.21032700016889
177,40,8.306898694237244,4.140785094110704,6.11663934416221,4.19552463066519,43.14184354339739
140,50,9.859618431949865,5.8419084217042645,1.168440980572711,1.164029431096219,89.6546595851063
145,67,3.708516632105706,3.692946542346405,5.5127102982279235,6.41706445892853,36.75618700478965
164,50,6.091702941548363,3.8819771362546054,5.113072207259172,5.122532374642065,43.58649252656268
155,41,13.713427742747687,6.481145212153895,1.5435670783224675,0.2960404250740293,89.19233550156721
143,40,5.090152744372865,6.218445284133756,3.2512970022519347,0.9337672195752842,80.61939890460857
140,43,9.910511322083767,5.525502042367483,3.7942894483237652,2.890364601158926,70.38885835403663
177,40,2.9385753333603004,3.382875862709724,8.795838825195766,7.460733816301003,10.022688731230112
140,59,10.229036444186894,5.921889381094069,0.898484683828786,0.0,91.94826137446735
143,57,9.237514180339435,6.165281605563552,1.8476145604497498,1.9533894339939977,71.42412995491114
149,40,7.969281644395161,7.0,0.4285826567414923,0.7155567822208577,99.88470065678665
172,63,1.7089519173525844,2.747708522057838,8.938725047841482,9.70457723814952,14.944830465799374
140,40,7.772084187730239,5.394950713333478,1.1186762790167841,3.1564102805017455,86.81260573682142
170,73,3.9906930433886862,3.0392919030400636,7.8931458562761545,9.70190423504059,16.249293467637482
151,72,4.785165227097305,4.891629713458454,3.8970799518363792,3.671590432809916,61.55595642838442
160,90,4.8511292177266725,2.7347302674458978,9.352232322494368,8.636748327456013,12.381998284944151
149,40,9.824405130698848,5.533194448342807,1.9394053943573115,0.0,84.80082293222344
158,40,9.09873533895659,5.744569519811646,3.3648642802636815,0.11645824386918902,80.73189587250107
155,48,7.320882159807992,4.792282427040741,4.099825605947475,4.706532692417358,56.91007386145933
155,74,3.8719662163223876,4.724017840990355,6.068716275826684,7.677575871154808,40.71832972259997
197,51,3.010312314445997,2.133275658908326,10.0,10.0,6.916699545513804
144,43,7.944517684350098,4.5333529384582265,2.86802603110469,1.6975139964787789,69.74287731445636
163,41,7.335074879303585,4.4090819403987656,6.255978462511001,5.655404975016373,45.35426826780689
157,50,8.250861754648428,6.357904902527928,3.339755740240002,1.9243960899760268,72.20555994703479
163,71,11.565415109190935,6.183112530952505,1.9587733551048454,1.4797965826404231,86.63823259286292
159,40,10.76532151389585,6.504550519594262,0.0,0.0,97.55215050028858
140,48,9.072465473805769,6.4402386616717,3.0477401184964066,1.5766768974625596,85.5803342392611
170,83,3.7605977164505577,1.3544361245388277,8.4263435829432,9.28466490936237,1.1714084185001972
148,63,7.9420410199775855,3.8729120273185322,6.240972643860173,5.496603729356447,35.99780644783639
148,41,6.419672653915606,5.572513407122676,3.6453679630968705,3.5449453197007585,72.9990562424058
162,44,3.6612815629736235,2.729273009337575,7.132770807184649,7.68527708300138,17.162967726144053
141,67,6.1227197067629655,4.501300900905765,5.9758681059132845,4.392471227519131,52.10366062041293
180,65,2.374228143977909,1.934322931285111,8.533419237739068,9.25875814545752,5.433798833925363
160,43,2.965105661052861,2.7418964006204325,6.513211695531644,6.743493295219396,19.999652489640006
160,74,4.026561370225971,1.721226773462577,10.0,9.376264558123287,1.8521794460613972
154,64,7.870722332782631,6.10154120406683,1.559042913811958,1.3904696524141504,79.36977033574206
182,40,5.484116735250033,3.1544028657196987,6.831396025377861,7.196835834653491,22.392468806038014
166,84,4.726781190790693,3.483738297521828,7.957899608893393,6.592520185278043,34.53516806969027
167,59,7.6035402385444755,6.902650983242372,0.0,0.0,92.80812934655908
148,50,9.727971725422092,5.758607379100811,2.4298952533129077,3.414695412883654,70.44144019235328
174,45,5.9204906296101285,3.0403662074257056,9.829103274189388,9.18545725609735,3.1838929531307847
167,40,4.489877378395764,3.2730269367302336,7.714195727537547,8.885926659100802,16.469415649791273
176,46,8.134976798954135,5.0981758578185,3.3307556554327435,4.0610965626543845,62.14784014997635
152,40,9.645750686081541,4.360940334934986,5.828395948953757,5.294311542670343,57.72285886041676
156,75,5.42822998201591,3.317047381448767,9.519179522923716,7.431363586681284,23.78928213745086
140,40,11.287056254893578,6.077523753664838,1.9530827403151956,0.0,93.42139979247938
151,52,8.367442166560176,5.399508359577902,3.1832895701601003,4.796706567270258,61.3965955965896
157,55,8.729394976988424,4.52134258167702,4.609358722204977,5.752144041725945,53.56328030249583
145,65,7.596033960439181,5.558398368500729,4.143341006589798,3.7399318774593606,58.9909976354571
150,40,8.559252775930554,5.1068773911715395,2.758146240556111,2.094359877617179,73.01220295167697
163,59,6.096624017367194,3.5339555061829055,6.993078334358471,7.611362492869425,31.194499547960184
168,40,3.7632279016978365,4.094170210766189,6.189942418978516,5.728223373817779,39.82210622160919
149,72,3.158931734699934,2.735955222401679,8.13393679986508,8.823029742817209,20.984374897512215
192,68,6.3449138100036455,3.627048429452709,9.145209060101683,9.331740442443863,18.619300588033617
140,48,11.741588871233397,7.0,1.7181604911288504,0.6982969405510746,94.43723899839335
143,40,8.82241681073727,6.214532613755782,4.678302638944676,3.5947958567967015,73.95507950492876
172,58,5.005224144443131,4.047970123428398,3.543675063251166,6.120266549803452,49.04588086175671
167,71,6.396054186734672,2.5920093896018495,8.305146275843338,8.507836691953399,22.741462797332325
180,72,4.900384769917232,3.116448615119177,5.926298412493222,5.940850017629873,25.435648177039294
168,61,1.6508123941980601,2.2085143764047057,8.478453013512787,9.299235191420935,5.802916032387562
148,60,6.970230615285877,3.9419124712400437,7.2035999709835545,5.391230296528441,43.44166255581208
160,86,6.521304680793726,2.8919088301752125,6.723154514529476,6.4038852505949695,31.179588199410258
170,40,9.188576570896041,5.739443549846914,2.522440422165677,1.7787633639718972,69.63434888154595
165,44,5.179891506776685,3.6437865341771998,6.0617238129817,5.334519575586766,37.775183929248094
172,74,3.4778193842646825,3.0496602672330244,8.792538755124601,9.087366814331046,17.960367755963482
169,62,1.2124436345337792,3.3498918398533672,10.0,10.0,2.467872839133123
174,61,5.750145700023523,1.3994309876968087,8.245525968201473,8.981951193174442,6.724963146324859
151,53,8.075041495225333,5.3629095223358805,3.4928303793973043,3.09771928080816,67.93927734985672
171,67,8.525624733225223,4.29709772998381,4.620405368408332,6.299295161090828,45.36968445560453
172,63,6.367696376376944,4.685106695360354,4.187564395404018,3.8223449517896317,53.65792111087222
140,68,11.843932533132321,6.450676948156101,0.3166852741254045,0.19562864172886396,89.6671293040342
140,63,7.201148333088924,7.0,1.6117999922106951,1.411898059370315,99.03389473967043
157,74,4.7635206660613525,2.514884992005139,7.4679755188397925,7.466506687277334,21.689698439847394
144,52,6.421871887450964,5.31019108094324,2.0739801104073505,5.362788640754371,66.30782031001007
152,59,3.935224767706938,3.056142185348904,7.590089292562828,8.951654684942714,26.332237673715063
169,70,1.1532712890849748,1.558644392379094,10.0,7.688827394484824,2.065099946572868
145,74,7.3423931546058,5.618791601044598,3.716012630078839,0.0,75.83786538361414
155,40,8.103445208565088,2.6773821448580115,6.581239893268542,5.5571622095182,32.00171508224678
164,44,4.838929294650889,2.6178583429615276,5.809429646224741,6.367347710546719,38.3463894171898
140,70,8.74192862584562,5.040696398520826,5.049238639603886,3.811497106009841,58.831711355360575
141,52,5.889472944202755,5.91315214924093,0.5165438753406624,0.4939286693252283,83.10484552361905
149,85,11.064697144112834,5.248423604415566,4.5800806298789,2.132278389174191,62.89818435911487
150,47,9.08262695933084,6.740746815786985,1.6250247141386338,2.1234056767145377,87.26506554473953
169,53,6.2832172850668755,4.047420303794444,7.79931911545377,7.592169794079457,27.354203481563577
143,40,10.445815583446445,6.338270191922756,2.603869187604235,2.0178620725205536,79.80468339125638
175,49,3.439400509290876,3.2692804158042725,7.2391908658072275,8.108077127619353,18.56359443059522
140,40,10.306875829106867,6.7583512057515485,0.6765017382169877,0.0,95.27916569719446
147,60,7.405527911866821,6.109821580420875,1.9957560624493884,5.055615454055873,68.74882763878153
164,61,3.4832024224571496,2.661792185938673,8.917553317640452,7.582278508776467,21.550767711355846
145,53,7.325437718567187,6.532867043765537,0.0,1.3522263999577524,94.73705904889242
152,79,7.9639290054780325,4.988877090674731,3.929259832388997,2.048174920916333,73.08558067701578
167,62,5.897590074292207,3.4460075235292464,7.749951343028103,6.631602488449786,25.39416425950258
165,61,5.8869565568233835,2.797617511992221,6.86229655223614,7.664145646702231,21.331197736748198
140,49,6.971532008978071,4.787725784903877,3.7854605013662397,4.560126385378987,51.82007139306633
159,62,3.8012478414571818,2.271572725516403,8.842301026477923,9.814187340136005,2.5662718054531575
161,93,4.916876265484714,4.0586184942140715,7.410421081685444,8.923144001481743,20.74700754411094
157,80,4.866613990445872,3.66369675170082,6.170999552375298,6.013226036282942,42.46854687515062
154,60,3.313810037504716,3.9281849162786218,4.209467437898654,7.1833658121300665,37.41699803342256
152,70,5.401645726806101,4.249165269970053,4.374501368005743,6.84032160966027,46.35754243648107
163,40,2.5441342591092715,4.0709069938533675,6.8854187474993855,5.344460656601249,27.76287062947319
150,54,8.344075320723352,4.803102558602358,5.635983038194574,3.3496279932793187,58.67843464581688
145,49,12.784218544759106,5.676157574204775,1.1032349894551094,0.0,86.38556059232315
145,73,5.340505737029768,1.7603305349393414,8.670085798597244,7.369395636434822,11.75318559620331
157,40,6.199796840929432,4.605511905706075,3.1703819027605276,3.6738735165238534,51.73791071541142
173,55,3.9495365058204,3.295491182114871,8.585764350238746,8.775867489148284,13.206810634515332
140,53,9.74889727206737,5.512660100148909,1.7413221804272767,3.123683433111164,71.68596811925937
169,49,4.8710453650259815,4.377926121336061,6.817411147923493,6.926124425183996,39.60597028072937
157,56,7.157355083663167,4.791070321511932,6.514740798557947,4.459007506179351,56.5421311858509
183,40,1.0279972124936663,2.545187178227896,8.754683784886291,8.137719991001395,18.32798362140786
159,40,2.339096000660984,3.3370657684739746,7.450078191000051,8.829778240077578,14.484775934337723
143,66,5.562341956058246,3.337587349800687,5.767059269401721,6.089870239854241,48.80562806489546
165,52,6.443689215109467,3.5127448776612757,5.5792667367448106,5.012609804624135,35.561273784995564
140,40,8.431549772306692,6.7862669149952906,0.27652654524866116,0.0,94.04319452528131
140,61,9.284996001641636,5.342203197872854,2.484658473606537,2.1521227683885966,76.53252538069653
151,56,8.51538716918736,5.898145110872218,3.760689580690314,1.9778666561342468,74.86636198505472
143,40,12.115065087712903,6.988652633107776,1.0679639835626131,1.5670793172396178,90.37197397459335
177,64,1.9706850957073396,2.3354170046484413,9.764433390289371,7.750063898604452,8.342243544201855
148,47,3.8365177231899663,4.600521193813486,4.544598765820953,3.505758013536849,55.219246992240656
147,53,3.4351357960415934,4.7206649515533075,4.7738308830887215,5.186522305389141,58.44760689557689
157,62,9.51070938500192,6.477648532708101,0.27788467805689454,1.8345106942999563,96.19363785472291
148,52,6.7717598799643195,3.4025939071817297,8.306705023890501,7.312232252994307,29.214752679254886
151,71,4.963786534505707,2.9959416565600847,6.157792124013401,8.89973618366981,24.08287799154468
161,86,4.689748985116107,2.3961574340520713,8.235674212614837,9.758829383311356,10.029394226549782
180,69,3.0407032542975587,3.3880481601074544,8.722795517463032,10.0,1.6429629591474204
140,47,9.862803491828931,6.239098526073278,0.011416053449482044,0.0,92.95293167921905
146,70,5.422045341424061,5.4644294601661025,2.3215496900712935,2.3924263888340547,66.99165465909101
148,64,11.394625883158106,5.993407752185611,2.6428542858300847,1.3852522295888576,78.51529120231378
159,60,5.6957437913104245,4.416305262909768,6.531697196552534,6.380660596476662,28.17301057539491
152,50,5.1311965898276295,4.440253435257015,4.099485334836522,2.7594773617185195,58.64101661863267
183,63,0.5022642688515688,2.2998563906288556,8.825381369977405,7.810214626221328,6.395526612098113
169,66,7.198995447307693,4.073145178334773,4.386793488289469,4.977330611790184,48.56275959346229
149,40,9.678481152741856,7.0,0.32524349037263095,0.9849381519289228,97.74951397444468
158,40,8.710761588034885,6.887551753675528,0.0,0.9474012252469943,87.65052453165907
169,48,7.517728430971996,3.317297388740035,5.529296189970882,6.277575173248354,33.81589518368456
140,72,8.87806522126619,6.69428079038075,0.0,0.0,96.15701545414986
173,68,3.3471416907786073,3.579741767265094,6.98270385552598,7.825397488155941,23.170162647120453
145,77,10.731901502066368,6.745171445093803,0.43088437572122146,0.20729500123142536,94.93188224156815
144,59,10.498491454909859,6.735548157245591,1.746132814410921,0.0,94.13777047064985
156,57,6.659030390127954,5.600435547396182,1.1714701959036082,4.413689589522711,79.92025873523917
166,47,8.59728521776776,5.907993418125269,5.2776250440043935,4.03373864884604,63.044793686679114
148,65,12.06138638284633,6.156837875748127,1.1299405030127119,1.6203618105159918,87.4287966624947
163,53,4.547832278138484,3.3243563582317712,7.50345329286122,7.383101883463722,29.302028450779673
144,89,8.031186609183763,6.0953925228630625,1.6799729379089927,1.9349208805008196,84.89435553129182
143,56,6.234274021865906,5.575064901639973,4.393697923167384,4.0040357497776276,61.78766919175238
164,66,4.369771011070865,2.6491513614264868,10.0,10.0,1.323685775889949
143,53,6.763259495802691,3.6439147290449534,7.946315884214613,9.069999421777318,34.72335179322196
158,80,2.370001059519551,2.7439968970504136,7.540963612158706,8.139447970390364,14.814086094816503
140,40,11.579572276305107,7.0,0.0,0.03213167169703504,98.18293898182532
170,64,8.26191606839571,4.489742930535769,5.646011267376811,4.38159693237157,47.837030703998806
187,46,6.923638676141693,4.879564816228902,3.9627584856377136,4.2518122171655195,49.73913654986627
153,42,4.197788325099174,5.746987993040182,3.996457184330266,4.820239573491643,63.94725163987236
140,58,6.768658422399636,3.523843636437409,6.239367999799575,7.074770657200811,36.85846061296175
175,71,1.520739767551806,2.5715958157678394,7.631636515169726,8.948105012800635,13.690027168559894
143,40,9.864570209131905,6.084643229474125,2.123225666412673,1.611603688383846,82.21177331942455
160,68,5.850339044797568,2.7037216194022258,9.075202035807045,8.22456741570421,18.984791190275796
171,53,8.016545028244018,3.4335999027103528,3.943723408920081,4.352804494386889,51.131898254645606
151,45,0.6471628141829777,2.7223297095528647,9.359424905923918,7.694501520275715,22.431702897473926
174,59,2.5927151498282566,2.0845255648154275,9.259170928928256,9.520934679627446,9.784448449403405
140,40,10.14908832273677,6.431173255801495,1.2498891453929024,0.7668232967222894,86.21915174216834
140,40,9.687220482987215,7.0,0.6631276651996016,0.4987829489590519,97.29194890231302
143,65,7.438489796994539,6.955255004128238,0.0,0.0,96.08346580630001
140,43,8.688619917321233,6.671183508709058,1.7097364708448577,0.0,90.6555499221179
154,52,8.4102438405857,5.414081139332692,2.524443447046675,2.6202712089174693,77.40473326986388
160,78,2.7638887711428817,2.933903897600219,6.211791259486667,6.410886082875181,33.31451520286419
178,52,6.12608918364619,2.806061946480909,9.5261410759002,9.970833389970535,8.110138998799677
154,45,7.0674729940403695,3.2974074018626838,6.332522064635624,5.451233685048178,40.72411714138073
148,62,4.849680363726003,4.141313822313445,6.616710928489336,8.983103989329507,23.223414217094273
167,40,2.8242299210396267,2.808437354278513,8.768817651616757,9.359435681554013,13.248763475798297
153,62,2.9045404815082407,2.3245873503763224,7.873435641031835,9.918497681844748,5.342718178682526
151,40,7.099036227956155,5.822619414977155,4.557862593970807,0.29685465274751177,72.55943642105788
181,82,1.5931536048825872,1.8262121727913438,9.782267714951843,10.0,1.1427458625031028
152,40,8.617514810567316,6.213914223920092,1.9889514301253066,1.701911419971723,77.05807485027762
157,90,5.68361191914535,2.6680452224486078,7.125825543159943,8.389789441465782,14.694664540037506
167,75,3.271581380235093,1.9786378270727025,8.839028941345486,8.086129740988877,7.952208258675575
174,45,3.008825418674671,2.6700571544858906,9.006695087072274,8.832727587020166,8.960303423860537
147,41,7.9722649497163065,6.722025782386994,3.5546584248314748,3.61484359296821,67.20478073539144
160,56,5.890092198435248,2.6689234878446344,5.987438629823643,8.450609273601671,24.536720985284475
158,92,5.156815662912414,3.988820108393561,5.4258177558354825,3.6055930395546323,42.05394666800984
140,40,4.829936492405309,5.452700449247729,5.172876738684952,4.036072787744834,55.73687913239169
141,46,10.442072492111823,6.056682958677847,1.7224419131309001,0.17863089214164662,86.05511738287937
140,40,6.046773219060684,6.314744350557492,2.879654335361253,1.2614695254377393,72.70442627113283
147,54,5.694776783850901,3.894025855958487,7.967998846054253,7.0219160569914125,27.032790523871462
163,94,3.7764406489260995,2.6652220069656063,8.287150660026324,9.56021841286825,13.14827992911276
184,72,2.0430099175603145,2.190157476898231,8.646151664610334,8.437916179651776,5.537432042119795
153,69,7.191962595027468,3.9781351926731303,6.430224796967556,6.519228685942912,30.15986344809425
161,59,6.330916636885902,2.9218586189798197,8.09213022755895,7.192220044779818,26.211814923967825
152,47,7.057685423687121,4.661151080184942,6.329289191020379,3.3496478870566913,45.614056680047966
140,55,8.44297060656235,6.1172829838810365,3.1716889077752297,2.607099548725178,68.32813355476804
141,47,8.582583276194754,6.093953894669502,2.0583493752479156,1.6950640217009365,69.56254456388572
188,57,3.509265922413302,3.9181732935272597,6.98653261321882,6.800641332980834,28.351884658216665
149,58,4.8164981235518685,3.4106089934673363,7.124543592282305,7.380128429486682,37.99269559001205
174,99,1.8065519030139678,3.2447328182788753,8.903034459010389,8.388209150778154,18.115096173690304
140,43,8.9582426917092,5.90799552581271,1.0932908690972214,3.801079179596335,78.85455123065186
174,71,5.547593871634799,1.755559865591013,9.663818204710003,8.35628892440414,5.68480764332403
163,40,7.303413739881166,5.414925731475906,2.8751110280522822,3.611184791213024,69.69972417249873
140,55,8.807106660069719,5.176729367753,1.8130526523873625,2.5154191097484278,77.86953959411034
148,46,7.64272018305479,5.7974972011431,0.0,1.630978995782696,77.74075618487531
180,53,4.109188186152737,3.235591503919445,6.402345393305161,8.789204207330815,25.942256434535494
146,40,5.106565171752779,4.138163379410374,7.65115240603323,6.58795789428737,37.38131379325614
154,55,4.918388950281766,5.4707372225235495,4.052651899584449,2.6194778872724136,58.7599635196389
167,86,6.61765070053258,2.66344942802612,7.41066908039574,6.659916919636228,27.282190242446703
165,40,5.588432349933752,3.190462130853385,6.194709749624645,6.490148502582923,37.085279921788874
169,72,5.8367615070976715,1.9621134570040257,8.43257249855626,9.124066646175011,19.705428018563964
166,46,6.6725030218085335,4.718546225475952,6.029590358278733,6.384236277092093,45.98558837560074
170,65,2.102932549390437,1.8795959795917807,10.0,9.485816797901224,4.461230125411408
153,52,8.123203270116752,5.71797282505806,3.1840219415104514,0.9563145666167818,79.9795884570618
187,87,1.158397324801781,2.3626380796800066,9.689141380489584,7.483450962146086,7.695644698663273
161,58,7.814876667953518,4.591807362860287,6.515423997463325,4.215771297583312,51.88351488315261
140,63,5.3535078582009135,3.8761434581029843,8.442526596359547,6.538389045676825,30.68100995451961
163,51,5.865029853979273,3.8075793045815995,4.243385299015595,5.0065557889324666,57.75429488313755
153,40,7.456178069904991,6.6984870468630895,0.0,0.5372453854872902,95.9433340833425
148,40,6.654376956365137,4.6115848890654485,2.384757665503096,4.880867060840239,64.55702444560039
179,49,1.5866044172462974,3.0227319975415874,8.650331549234537,10.0,3.5362435755490917
167,120,6.215740873773673,4.417656091123509,5.877989914409366,6.1289595983042515,43.04024395080612
155,92,4.990951542079236,4.726068681341614,3.6416347700788156,5.675321086456464,51.00168523182502
167,46,9.831682600404918,5.7669335243496755,4.6273187789330805,5.8414248685777395,53.6177494703452
161,67,9.247710953365873,5.333859097297482,4.406450463666071,2.6939677546223204,68.13925106038378
150,70,4.3839125072205185,3.8360779886626246,7.844118820525413,10.0,27.759609773176606
153,64,1.6726702542552614,1.9137022044021412,8.507994722735393,9.313850276544184,12.88605654663202
161,40,5.581237670417595,4.064084376285283,6.013463624387728,6.300974229482423,39.26756765470943
147,40,6.755417026721912,7.0,0.0,0.9628553722309833,95.64057227959488
172,53,5.900968114864586,3.1846598779987647,8.498570950395122,7.977045550320243,18.713089175084473
142,49,10.51483460595562,6.143992274869973,1.2031487683093138,0.7012756830602599,90.3983954928237
150,52,8.97960876743653,4.231231730829768,3.106253798901829,4.037406365775146,54.38059500773264
140,50,5.3633981882226385,3.4976239308272072,5.6354815500112485,5.702598598849569,45.69114216457658
140,40,10.382636395720453,6.632025791274079,1.4158834634971782,0.29209890169788466,88.20414102298896
155,61,8.286289156532842,4.7235456397161615,5.205304109755279,4.517496373385725,45.860396176858586
166,40,7.415676411917814,5.684391269028521,1.9397226252064481,2.5614569917306746,72.41676366115432
159,56,4.6924145035015234,3.589453281421291,5.737681336492448,6.100944400727009,39.9025321703102
140,48,11.35048053401597,6.641132232023278,0.4137015558934267,0.07225250037010844,90.40443929009577
143,40,8.048389780945907,5.106753695622159,1.8083594840553439,1.2315676136311173,69.00250201912273
153,40,8.535301207117147,6.108477623554466,4.245071600898116,2.9276813082870192,69.96220542505168
166,48,5.161983077911884,3.4331674916955204,8.218131799900146,5.942199128882985,32.77204015571189
158,56,6.424740288326216,5.342508692800962,2.210785416603742,2.912457836006916,75.67786427368893
150,41,9.109323220814538,4.9074910324755505,4.148286558860697,3.6714259489957097,63.60610554471413
146,66,1.6360630292555416,3.3935014377932187,6.05206128805364,6.893090060690285,24.002027337970954
155,75,5.6207356351300115,2.187448475150985,7.660502656249159,7.931456799841636,16.053882248525642
157,58,8.155882618898929,6.315472028133044,1.9743004705089606,0.8625415087817148,79.63914745173317
140,40,9.432717543947959,6.660202450153882,0.0,0.9528579142621523,95.91666030352225
152,47,5.408160598978988,4.33160422199599,7.166906120993758,4.11690175351414,45.81388272600429
142,40,7.927164821340427,4.889937898583484,4.701516300830643,4.460134628400898,59.09841653236849
142,53,9.61717603771005,7.0,1.547245138802382,1.3377714523592563,85.77226441935547
159,53,8.617811910239563,4.201364583087609,3.6622959124793946,4.704063202881017,45.722345335385704
155,40,9.38701297870781,7.0,0.0,0.0,95.18744768327362
145,42,6.757166467872484,6.105370307238312,4.015816227040647,4.493444084464857,57.575116204487244
140,41,8.214677073721523,6.316711752624353,1.5490123400635596,0.0,82.07671207013149
140,49,9.517802687567478,7.0,0.0,2.583933074660182,90.88437184127383
140,53,8.035195937282495,6.126346471131387,1.4849360826782227,1.1277739156827358,81.55238187685688
175,66,5.848800821215655,3.195425635201255,8.227185156966897,7.871028264212577,15.941446344895594
153,66,9.457889286777071,4.850138156985682,1.8560560231670287,4.0686112218117785,62.88984390617004
163,47,2.9054606410979966,3.4360818292799062,6.498477633370022,5.776118560269849,39.84342586196771
163,79,1.5056995861225817,1.829179239831153,9.135455662708084,10.0,6.271295202334571
156,59,4.440050463009856,4.10808370347597,5.536192530150465,5.957882256896235,42.403225188984194
174,75,5.803212964466242,3.4362895369519464,6.620347535939756,5.9501321014946065,25.86840668894077
140,52,7.605210362626677,5.6867399785864805,1.5008165586152904,1.0042878231709969,84.90383084285108
160,92,4.060966473716323,1.477344967735586,9.553115139219317,10.0,3.330462654669619
152,70,11.769874005420679,5.85654954915606,0.0,0.0,95.89827218634736
165,40,6.643910098259683,4.840198823486632,7.004286151885795,5.793496031342104,35.536884847192965
171,73,3.929720852058895,3.8373310599937804,5.236516115684365,8.13433138152226,35.67068904025429
178,63,1.3144428238751984,1.0090084262339942,10.0,10.0,1.632850268370789
162,67,0.2945342538041844,2.921616094662906,7.604826082159883,6.530073187166611,18.523232523618393
172,79,6.5438346181859,3.92666208365037,5.2197967658414015,5.401588687547811,40.12595008036087
141,43,7.622481458173659,5.95787035269852,0.0,1.0532605969541353,92.9291417302714
167,41,3.7608960587610687,3.0777304247674184,8.166432609307455,10.0,9.961493022127133
147,56,9.963293014350048,6.497826438442693,2.3546774014127347,0.0,94.53015334790796
147,41,7.1217581032359885,6.3680892820051715,1.977666194489929,1.324538205655368,86.94885305466322
156,40,7.594225882585599,4.128655821274569,5.043993840977041,5.21109706838571,45.41623969075518
169,77,3.732956173562436,3.6566971153863252,6.752049974735059,5.749975420824293,32.670088176826006
157,47,3.7379749634848833,3.672487115149444,8.297975801442554,6.426541681347452,23.274412927905686
173,40,5.527839382700753,5.375158859889166,3.5733203949584866,2.454164388491603,61.446470647687434
173,76,3.305081609013549,1.9394295435065465,10.0,7.328867700227727,3.307459147550562
179,63,2.11227694266299,2.865774401172599,9.327636972508095,9.054689304649386,1.5606064446828216
154,69,9.406658246169869,4.914075156374208,4.622177268502286,5.524164907018527,42.87957224982378
160,61,2.5111274278352114,1.6087690703599797,9.446833079412318,9.295151280511458,6.807407397472021
178,41,5.04314765064839,2.702430196973352,7.3410632005371514,6.243153886486208,25.19409882460929
173,55,4.127654269491574,2.8002224623825054,6.230878516341891,8.232883916669977,22.116091534608383
159,84,6.1023262589549105,4.028498080198797,7.8929998839472955,8.914583738293045,25.319119372285193
155,84,3.923250149584409,2.563919555686131,8.528673693964741,8.061373864364004,13.105523121525774
161,46,0.8915965752431134,1.7742204484537454,10.0,9.946401504886813,1.203622289765427
142,111,4.106703978765077,2.5604246359402842,8.078928860236022,9.531072774666514,11.548429713874809
155,51,7.989324194863551,4.980329913727962,3.6732604505852557,5.667904373819431,61.848025951274785
142,40,7.901090530928476,6.793291736253457,0.0,1.8391290971751415,97.42562128180504
146,55,8.368224392153907,6.416906282576794,0.6384903351751274,0.19093782646253468,99.0345001560894
162,50,4.879968006692025,3.648691103931546,5.849093808753747,5.242663515139022,40.905409537306156
161,91,4.526412295077264,2.681191539330626,8.382035907365232,9.036500592283087,16.295442604660536
148,59,6.936118392743639,5.884596667206688,3.186357433431682,4.144421192704044,63.87617573665293
173,57,3.0537671381541127,5.096107381482819,4.227613000975227,4.046138735422481,49.03053465487371
141,63,8.785455183779504,7.0,0.4380077032378772,0.0,98.94097772844314
155,88,5.159863348081795,2.5081841329673993,9.123727804958834,7.36796413676065,6.53042071517802
157,40,9.431662733596477,4.610234403534117,2.3535736253798247,2.074005016598795,78.32344383138131
177,86,5.999584260289647,4.332176167362478,7.19157493371976,6.562306869441318,28.839849733149393
159,59,4.605827593510584,3.766099190537887,8.067069933086874,7.74357575378462,24.1418620076574
152,53,10.897025880397166,5.127863177668177,3.455508375481743,3.7463907349279033,66.25045715326759
140,57,4.619346129528116,2.9061242393152957,7.3511897043608245,7.993008832088851,24.606318499096446
158,42,7.314034872696784,5.422331601201643,2.0302163495524477,4.477622527092575,66.58591175591877
141,40,5.912640348775341,4.608897609851458,4.7381904146644525,5.23967061355178,51.73085172022888
140,69,5.37059114319351,3.774108249761399,7.271880229367522,5.833716931198795,42.40889884358493
174,40,8.056235575026609,5.520429306120238,5.02683008696031,5.926048515140474,55.4687808661419
167,40,1.883360550568792,3.1077308953283627,6.588480824563768,7.077295342178314,28.705151991962975
141,41,6.168195722891733,5.6578091359011555,3.035430427530613,2.6008514694186684,70.6574706272979
147,65,8.00516455355522,3.4721585959683985,6.845983287110245,5.62645835151815,41.485686933356405
171,58,4.360173620105508,3.6750831561869717,6.413257426457945,5.876615371703448,36.05455604858923
140,75,7.109225980667199,6.684417652603393,1.9691023600628716,0.6667960500871213,82.86569145557378
154,43,9.223895765332024,6.646119382408508,0.03915364709303992,1.7351967165244708,92.49669119531922
176,40,2.1996033345940833,1.936579888900253,10.0,9.440483127901272,4.600731088729693
164,60,5.067695043696792,2.189046892799154,8.423606095651358,9.41559895046807,23.262699282976552
171,42,3.6451378341410083,3.572101176544042,5.824628586530218,7.646153513041375,34.85193694925633
143,62,10.953417126628725,5.897505576256686,1.2342208651454256,3.413402197698157,81.49664793702473
147,40,7.93204468332608,7.0,0.0,0.0,98.54914276432976
140,40,9.656882055125068,7.0,1.6936818126104993,1.9772134651755768,96.89717046703518
140,40,9.418369643033222,5.915456258394814,0.0,0.0,90.49483455499269
177,50,5.445481819994153,3.883626601056314,5.743863043821483,5.12866685922954,29.65562650640299
144,40,9.853168860772206,6.475688092978441,0.0,0.43516072865716143,99.20112434144741
148,59,4.737271263310639,3.8217691217957652,5.68946300911411,6.7610751914334,24.942004105645122
160,68,3.6363395355506807,2.3111330031984787,6.881631154015373,9.071614383184281,10.590615488223222
151,68,11.615193554342177,7.0,0.0,1.4192107378295549,95.09526110553941
154,65,4.4458436548589635,3.941516012880481,7.484887082271964,7.55654339611559,23.34202554680963
170,51,9.27370766299634,4.597006237022093,5.735319805069121,3.460248069392916,68.97682650777504
162,50,2.3100972706677245,2.3652110850883847,8.542582923555985,9.478490871697995,5.835635898058866
143,43,8.11133550697816,6.442242818841547,3.155558225864238,3.6270384499617467,73.07090991274762
154,51,8.976785907196229,6.798161881315248,1.7545176580859514,0.0,88.17202123338397
170,73,6.407764797755354,4.445155156684293,6.6987761376131605,7.0868463510097195,27.24368954659625
154,73,4.773495441564068,3.647160447261075,5.831303160729028,6.75443361413816,37.90568960774286
147,70,4.582489478460654,4.414086149422439,6.069594945510532,7.451651501800152,37.42961833209161
144,58,8.007397181247127,6.103161383249403,2.7088373493858384,2.6276654013112957,74.8788257540133
178,113,4.632845617371413,3.2143303581195752,7.984080783500249,7.606259422016812,23.780724253903884
166,58,1.0494458301126848,2.353105716223234,6.49361489364127,8.363287704039214,17.185309904764303
140,40,4.857320357427765,4.358324424912679,6.630367907425511,5.81990093598398,44.92916486877381
185,85,6.796536900918137,4.489222087811597,9.18679990434248,6.437736229803739,30.44684073773195
140,51,8.492463194440015,6.820886016594893,1.3489053465163618,0.6587778751913923,83.91891222586524
150,59,4.30175418414783,3.432917169781539,8.042286015913827,7.121662426531315,23.774182601563876
165,59,7.3720943246927115,4.264988665607509,5.340825453426489,5.334300216257829,50.23894574892614
145,40,10.408888135906704,6.009161739259159,0.07587568866433453,0.0,94.25835996979303
142,40,10.046897032030605,5.070473563943132,4.513393456571292,4.368630601669828,63.39976977446607
140,40,10.017891542341973,5.8819534744513975,1.9969709618015945,2.538768218291805,86.72894054624648
156,72,8.921040927581055,6.523093551952335,2.055394608091432,0.013932222659068905,94.02096893547673
151,41,8.337908920717924,6.305138277431666,2.679070495932613,2.390024512890891,75.0764861886352
162,52,9.058181914869143,6.110495830181925,6.010300950902108,2.601088093138216,69.95750602247513
148,52,11.218262307632811,7.0,0.3914870446820995,0.24277458883679714,96.79655666042271
140,50,8.606869740704543,7.0,0.0,0.0,99.44007896476793
156,79,7.167426658170042,3.9942102363872363,5.511106606679853,6.0389059243018055,45.182168266975964
174,75,6.146785820837202,2.573847899346833,9.202315807895834,9.944924226232905,7.086977818420836
159,63,4.7894269264467875,2.600616126618663,7.19645336610072,7.189575073427084,29.279403144051884
161,40,4.083448333357367,3.3137965560892084,8.540985681298434,7.24985746134781,15.235470568773046
140,84,4.534210854604998,3.5377604154559634,5.595641844802249,6.109724844083411,41.74863747960118
161,83,2.3262142753119806,3.3235149168862024,7.638329530229235,8.352912533102376,13.128932847325602
160,57,7.246126342270928,4.7038166990175005,4.128360397512461,3.055349081396777,60.4117804020882
167,54,6.8617949651401196,5.030597407961902,5.689532296438458,6.553526158481468,38.28080591578541
152,79,8.819586880039305,6.345000435707917,0.7630906395476216,0.9940615747889149,89.538588428821
140,62,11.433039467201905,6.781124760471539,0.0,1.6810829342636218,96.77946717985019
140,47,8.189898227625402,5.115624623302153,4.659465390202,4.7713487516106,54.688490166942216
140,58,4.374544466195067,2.7031847899030645,7.6996500838274065,6.741423929563241,27.482356986759658
161,54,8.240753662675907,5.070451973204577,3.380151833631034,5.481684650364533,59.22304187618368
140,79,9.083316803392997,5.981164255337181,1.1978764748244712,2.0422895213894723,89.67611582244098
158,76,5.9865583249149745,4.372092105655871,5.5963832637154995,5.4644618223876416,40.67333458357483
157,40,8.475335733738497,5.010269570266088,4.313490696497127,4.288902338574709,55.20782766919709
144,67,8.559595368046983,3.4704289396209376,6.608634484179958,7.5110434441214,27.16527676061459
145,71,4.093785996548554,4.895311911677277,4.784841755660148,5.775229301012348,45.5444149450027
180,40,5.316497918598,4.080316193721985,4.697120566352797,7.296799449214413,40.17135353795987
158,50,6.479284362180504,2.144684097426868,7.736324446795516,7.87039004496364,24.8413465082971
161,40,6.174703041476725,4.15272376695882,3.4911587623865916,6.617017947820362,50.586638382530836
143,59,4.528622237232392,3.072113350816725,6.862542409482744,6.436296217980064,31.03808259798114
175,40,8.11277781603729,4.1968672639396605,7.089020146900566,6.366520948042022,37.303486388074745
141,61,6.583538387123848,4.523672233608936,3.972940553128478,5.65150388735399,52.49704422542643
166,40,9.435112265449641,5.431460584429943,3.7911459265565974,1.8811168329759678,75.05950229289876
140,61,4.870548409611164,3.260811063579986,6.135066013969911,7.225684077210299,33.35074657912753
155,76,7.131154922725741,6.4499851161338935,0.4711605305732427,2.5154688065532302,92.41587666207636
162,61,8.269577804345563,6.52251276581018,1.2904830638584457,2.0617941782900373,86.23185468359024
164,62,4.36648112637954,2.6882048215441725,9.847015810739386,9.326218817087195,4.869029597552855
169,54,5.064971076198311,3.2869657714742084,7.76408436287426,7.053277399811366,25.364252425682277
167,52,4.92615693996466,4.009238130866956,6.476636810390051,4.094270918099046,44.613551265920194
158,48,6.828202624505916,2.542765134763466,8.486507042526865,8.901462615322497,10.462788874247408
153,70,5.61617499998197,3.1368301333248914,8.463681521444952,8.760259928638966,34.847598903349706
140,83,6.68764265606608,5.471526229551826,2.290279800089545,2.7788863821995675,74.00975256176825
152,67,9.712869985604248,6.116878884487671,1.167599008728863,3.94971771550029,68.05144811428259
145,57,8.731595308106439,5.648024357171476,4.006383795024295,4.961760334145801,62.238442856600486
144,59,7.133797379000882,6.6708736862296085,3.0435367302582375,3.179052831160193,71.05284027223456
166,53,5.415727451400073,2.6580175035401017,10.0,7.540022480386096,20.492368695970175
159,92,6.57770750445734,5.0086119168532965,6.080644139226805,7.019453364369254,34.169811486473215
143,40,8.42720934795915,5.127786789886781,4.174405969094229,4.496664972027673,67.62424822774629
140,60,9.349424925728478,6.06959761032325,1.6300310791117147,0.9012270316646172,87.9234763031327
154,40,4.153629406073167,4.866889076573088,3.348604168768749,5.268005673030909,54.36780538280952
155,55,4.4938266466824475,3.6591500784492452,6.809649993214977,7.65358854338127,28.269965094553662
170,47,3.132275007072195,2.24829650363289,8.681271976623261,9.525079296883224,3.023525800598259
163,59,7.0973135493010835,5.512896786191469,3.7127862926929773,1.8402436720620312,71.03368289742133
172,49,2.520819798831063,3.0703337028110314,7.279094133615839,10.0,0.7884103508440377
154,89,6.6610141821568485,3.264423596014279,5.273619276792782,7.199984599367611,37.267906982099554
157,63,5.965706182580554,4.104411434230774,4.010331215633752,4.883803407167295,53.05372145627818
140,53,6.910522236764904,6.716976275454509,0.0,0.39668331961607445,92.21114617671931
195,77,2.6877190930883588,2.3988197377833176,8.988392254008566,7.623308586883974,8.94945450329001
153,51,5.038220688920977,4.05516833439652,5.439649582757808,7.178529796006529,40.59423219682837
177,78,2.9273553835814417,3.280506760743413,10.0,8.180620269495874,2.4313199710157773
159,86,3.558136445211702,4.548894481715703,5.403829539976266,5.691783968618429,34.26109843415903
146,58,6.889660241916196,5.432789157772849,4.205026391265546,5.500961025041976,62.22310588397949
140,40,3.6381850258105706,3.012407001218662,6.722443908964571,6.643839217377635,27.906794822859837
147,40,5.6375704156834585,3.1763014582724836,6.962532365002014,7.8364740046708885,20.97499496556351
159,58,3.5196143849027446,1.7076016579308408,9.036638995135153,7.674782575810786,11.570323332709364
162,40,7.861334525452387,4.461279799537041,4.0981310349794295,3.5657517291724954,57.714024402034184
147,63,8.282107929500135,5.8512248889259455,4.683710726563331,3.819548523935793,69.5270005904686
142,74,5.77684399159317,4.890048573760217,2.033111708441257,3.5411514367991184,67.19571405958223
140,40,9.578487848725974,6.4372754899868685,0.9669378041512455,2.713687768225915,94.88610207205073
163,78,5.5237490162014415,2.1256237612288325,10.0,9.204151323624329,0.27032138935026984
146,43,5.114100948202767,3.7672513973404844,4.582912252885135,3.531406984848356,64.7196653894036
165,61,8.624515791246138,5.108275719423221,5.398972915902523,3.878751461927827,60.03922370976396
145,58,7.26914681472393,5.100458687502792,3.77228852500113,3.1989189290176965,58.87396099702882
150,40,7.473395976614643,7.0,0.0,0.6990498593748209,96.27703198402425
158,75,3.9782259991899007,2.9256884673537766,10.0,9.687179045706866,1.6871673370039697
144,40,9.380558611927517,5.224268880629537,2.467091540971106,1.8127593516497662,69.64824307014501
142,49,8.604264300800434,5.965465837319229,0.1767757261022025,2.74669785825677,81.36786497018635
148,61,7.029398078336483,4.156063314838839,6.697034692079679,4.243084146501103,50.980719662158414
173,40,8.071342854120468,3.35938195136609,6.1432755167924915,6.43554678911052,33.396486959680914
140,40,7.627754520567602,5.5930486154952614,3.4769562712229405,1.278011991646796,79.0840163227405
157,40,6.422723491706997,2.1265460259720017,8.540010025089243,7.903849668587074,9.724292563242464
159,56,8.556931927063538,3.229743893027736,6.533469066354183,4.514109834367027,44.203563772992524
140,58,4.651726702099047,4.028907644199901,4.387737857110557,5.262386415850511,51.99523745708382
147,61,8.043006360673948,5.867720383206504,4.315001911210158,2.3100426795720193,69.39564109345476
159,58,3.7365986169062615,2.2843369804540683,10.0,9.438879625251756,9.088573203240946
149,84,6.53443214848782,2.8927224166520116,10.0,7.987975991459592,22.775950153786095
159,68,7.625729388677286,3.8340268668100257,6.382485764685084,6.724818269326494,41.030156269012565
146,48,9.628301840774864,5.273369016073071,2.1350905047921653,2.480072007862691,62.329467302013065
145,68,6.779740461921627,5.771221885834395,0.0,1.4492178492904184,88.69607812174175
173,60,9.397516748221356,5.549440783767284,4.5313633929704,2.95548014543547,61.88261682413765
159,54,4.786105049044903,1.6275642878250738,8.996062659124492,9.446780071369927,13.346147093493443
154,40,7.106051541046668,7.0,0.0,0.8096543869621805,98.05801327872824
149,56,11.072124028353613,6.572265953537896,2.896510464096967,1.9397134975368393,87.17857347554929
160,54,4.858407064209665,3.484063873292871,3.2099018447114664,5.152496150738319,50.2720761145324
140,68,10.615874164975054,6.655023153114202,0.47728336595676524,0.0,92.2347981796633
157,51,5.910542728818451,4.906888333082459,4.304586736172172,3.1867057784846278,54.13807937571357
140,49,9.154383029227395,6.019443584358806,0.2756057576737758,1.5306609540740133,92.33060678891631
140,85,9.474687575002125,6.116688599766292,1.807237307381015,1.0987882608250101,82.98973686033432
140,74,9.463457284087239,6.083064458709894,0.9281798910540958,1.3744819035325773,96.82864102942973
140,42,7.260220562078434,7.0,1.2504009540531578,0.0,91.97828107781584
175,54,3.710940996918363,2.5321868395908593,10.0,10.0,3.603381742856948
152,75,2.4946240596335643,2.8667785146294356,8.201787427608508,8.671377490337678,17.477200416093996
170,69,6.540476079558807,2.6700047227690824,5.076867710407306,6.649502282705337,38.913467710118574
140,40,7.7865941546842965,6.731161176489018,1.0609079853133416,0.6212581066096025,95.21426972954208
152,55,5.309202749873445,3.4110129477995175,7.844209361967494,6.006533083901854,30.002891947592957
163,73,4.669585356493502,2.4662726607055343,8.01038218591762,8.015852865387725,16.046764388760103
141,40,12.224708682158271,5.7026552975192555,0.0,1.7323505796250223,88.630466608656
161,95,3.218364794253503,3.811208385304162,6.166743361748283,4.644916650407479,44.63944154832029
141,72,9.829369461074998,6.293163922855638,1.23835526840463,2.176144902863099,90.78755943543261
174,69,2.2311089346534283,2.74842276753325,8.407235358811915,9.46863595585015,16.023046632014328
147,54,8.345741946397203,5.634940826975769,4.24565518272483,4.756942878598008,66.11175115080995
174,54,5.913474622703599,4.515198465770444,7.3993482457252435,6.351404507813153,44.02637528294918
172,83,4.689178739320059,2.4837867343212996,8.239892883889384,7.8733424814109325,7.648676903028539
141,68,9.999520542056304,4.9680074924947295,6.247216025000043,3.2502584042248053,69.64631446525006
183,71,4.225595291583759,3.336923525835885,7.359911194189918,8.292682103682495,24.73987555391537
179,79,3.2572534472907377,2.5266670302023133,10.0,9.031698075807677,3.9615522579517726
185,77,4.775823514239838,2.644960601748726,9.066467705381715,8.467952811316815,5.994429824957326
175,84,2.6338380455929764,2.7848684975994247,9.160681073044607,8.04289574958441,6.107853706678734
145,57,9.958877152513415,5.37763118101452,0.8415785754111782,0.0,90.77329574850394
141,42,9.437475835976134,4.977842783361896,0.8740038508004491,2.909380438478227,73.9883917829101
142,42,7.672154726369202,6.293759014670542,1.462836445863017,1.1456823215340153,89.80623572137351
140,41,5.420617362754048,5.754825014882079,2.569417634002507,4.748831815538593,67.25823112965213
140,63,6.966148873393036,5.06625362017525,5.243092555109981,4.730466348051257,52.89399290308832
149,44,6.4462139392833855,3.2084841473944894,7.414377838973198,6.8021960196876305,30.444636434737827
149,53,7.728285459863621,7.0,0.6272863480589083,0.5631025037718264,99.79622513286735
151,94,6.271964126556781,2.8797704186319275,5.261230837962919,5.479866354138595,36.21890589393894
158,59,5.746453584648685,4.190651156625484,4.872981481244528,6.366344681185204,47.06489492139095
142,59,5.39031090983274,4.237155830978169,5.809324594971725,7.138749020091493,37.824517492346175
140,48,11.404177089080173,6.665401051303221,1.1206457714175415,0.0,97.95269293354586
161,51,4.43336549806318,2.4038336725189415,8.273198820508691,8.493300958826692,17.465838539500577
164,92,4.013288862027741,4.246109416149116,5.754165097624666,6.480132754184552,32.798800090807966
151,40,7.7440581991125,5.336463061996852,3.1933746740089206,3.3980398978730495,68.03486660150016
184,56,3.0920199803311372,2.422192594851293,8.25864746380435,10.0,6.320761833863065
166,40,6.829021100042148,5.636890827817815,5.1269032461212785,3.163360536985908,60.7249374011541
160,57,8.1125284310092,3.9885168554238453,4.30660160801284,4.164453550506635,47.76465028764161
156,63,4.005968016556178,3.521434074015485,6.83490231014846,8.130977460020413,28.39999767621011
173,59,3.4792243921352024,2.984408817352512,6.960407503623979,4.89131842685174,23.8413280924058
151,47,6.977269523441158,3.973374521709345,5.895173812185518,4.881215444734815,51.45127432987567
163,55,6.5338619427860465,4.37370537243113,5.47388269834474,6.351859846915862,36.792758053704134
140,47,5.994883076076406,4.552091778470206,5.414691026230102,5.256091757331952,45.65198912626553
168,80,3.5150142277086784,3.8296956260844404,7.673549010431997,7.044725496190203,33.747738176423994
140,46,9.956575498674278,6.893742756611721,1.6798472530059347,0.0,97.04936935959776
172,84,7.570458321400623,3.370297526285034,8.953279125317028,9.140311772736815,13.343943174560401
175,58,4.527097613728519,1.1938401384337427,9.386205899468644,8.534267842816249,9.68039531783742
168,83,2.910412185849037,3.572959852512972,7.064696012111099,5.952902147371272,34.339172879091606
158,89,5.709720054092569,4.228059007148865,3.8465195459272223,3.1904228367086738,59.102690087049126
172,60,7.754486341389991,5.4170898239629945,3.270974302686623,2.7130980218816063,65.91764718500282
162,40,6.593537794266032,4.598182903953344,6.5508977888895235,6.2822905211435,39.72567471680421
147,40,8.951435622388331,6.570775807940487,0.0,2.470001676735718,99.92779939221711
148,56,8.709510367413367,4.522758604875311,6.961744247036637,7.769092631819191,35.18929961930426
146,40,8.856625475274978,5.791758833876567,5.789056615766408,4.152284413078679,72.14066679599524
144,40,7.962044660931326,5.578781608027223,3.47290092415108,1.5400329818014162,63.758269453079286
160,40,10.576797312148624,6.4690624324892,1.1450661191841482,2.9240016094894363,81.30538632474607
144,40,10.202008040916706,7.0,0.2765331146356824,0.0,97.622566345382
140,43,6.280364091853895,5.980824034811149,0.9822448221086031,1.8037341650890784,88.97936564455402
153,61,7.760599749511844,5.460450018577833,3.175228859053794,0.8701703667800662,76.45619743577086
158,68,6.928809327349206,5.474841724430645,2.0100180346735472,3.7193494385575456,69.82484778182906
156,50,4.8425275316372955,3.4416842211056022,5.977225386153659,5.908315690008455,33.54981696758996
158,80,4.204841990910284,3.02031222890824,8.571447488594588,7.3877759068395745,14.768557820670736
166,56,4.477212601958626,1.179216354938091,9.548677908139048,10.0,6.263600305980976
146,42,3.532666909767136,3.3808355150521736,7.789298869983042,9.528121310960955,24.190170420148483
161,51,4.878131729449054,4.112423785929524,3.758125562696961,5.959000397388823,43.22814811812986
149,65,6.53751430293008,4.489859061340916,5.756688342762391,5.396383978479603,52.19962736299825
142,40,9.275090346750481,5.817265934694761,4.160482517029178,3.959273437767608,77.30835540548716
148,40,10.53773744867086,5.696511395059195,0.8399346210024197,0.0,95.8740923056593
152,65,4.7216834418109235,2.933740486885794,7.4982004763615295,8.7327664910861,11.732048038481102
190,81,5.413366376273917,2.5495814005379054,8.783024273890081,7.394334770763849,10.700414019379156
149,52,6.58638517785136,6.1749913398612035,2.7467801475750084,3.62098878947816,58.969472301355076
144,64,9.897979463017062,6.086386959454055,2.1790563780723566,2.2646220436159283,74.5398073947293
151,44,9.438869032241735,6.347447546092329,1.7104544655836902,3.4314375654688583,84.81503803469849
153,40,9.787668993518903,6.135432306095893,2.024671659980723,0.8206490873288854,93.58320802167886
168,52,12.58615039894125,6.473460277332602,0.0,0.43557649204863924,98.3426242260642
160,57,5.32049456541021,3.528856066266717,5.731132705741771,5.526354779025175,39.98016922245259
153,57,4.512947833410701,4.862735280062167,8.957674504816968,6.138403885918592,38.03351835275731
149,69,6.232387067033172,2.3256947847414633,9.122362229880476,9.132315907882347,14.780867669727238
149,60,7.727252219730432,4.663490267280073,4.461821214947666,2.9968904588430996,68.49344386835594
140,43,9.255281637836326,5.744821851758613,4.408983512292583,3.1252227355612705,65.67619584408371
140,64,9.632154468966087,6.746794457703623,1.260713834341246,1.3825160668280156,86.20625958512072
159,48,1.0521775765586217,2.4360150084062204,8.582530020057796,7.844896199385277,9.725799478764063
181,76,6.905972797563719,4.959112218550235,3.924361016077326,3.1776086480561094,49.77769078253418
144,57,8.004487325345423,5.042878726499562,3.762830367806032,2.8721891132082322,58.10819296720631
140,94,4.582079871393758,2.5710241685252004,7.3104052974281775,7.7323636102483775,24.15570400399184
147,81,5.118204413905236,3.8986253685596464,8.202878972868305,7.655776854926013,16.902540612916127
140,40,10.805328935360047,5.190425577119956,2.4925068978482683,1.0381070447853298,85.95808364196215
154,88,5.6170427877890745,2.1215305828070203,6.433278767349094,8.837392277223692,5.853492223555879
161,54,7.482302894116699,5.086519746903539,4.1391949363968505,4.708720782933937,47.06209039180729
162,64,2.543702357411921,3.5643154528799785,8.806839713378546,8.54924318706584,11.583400130088528
157,78,6.385627987139303,3.822747543139191,5.694610999359953,3.5808820515050463,45.705876133136734
143,40,8.788880718329366,6.896775924216907,0.0,0.0514429184581944,97.99623263423094
157,64,5.275310287369701,3.6243858447760404,4.9218587856902065,5.011664240475619,42.37063534554728
158,44,8.286351939376315,7.0,2.459720910397679,0.7134498352868602,85.71249175045673
156,64,3.7411105117654646,2.7267832682985036,9.230448635348209,9.90468593281786,11.73155641831939
157,88,5.231583896846195,3.181804952231943,7.452049076141765,7.910652960321714,27.125207676186413
165,45,8.9523891562231,4.296089987219708,5.462993414338303,4.265234702857395,40.37927406673345
140,56,6.169957503179788,3.227940082018266,6.828932008657344,5.150179587050385,39.98121400093307
140,40,10.37380341815864,4.728152117620417,0.15996373545595155,2.3636397790868244,67.13834786701531
166,90,5.392793334733019,3.8593418199282365,6.827300736281602,7.476142822864992,34.47181273755076
141,70,9.148325328801599,6.213948600300686,3.672464392939517,2.467326885355481,71.37668684100163
150,54,6.941070739185919,5.07266417797962,4.3662919960931195,4.318066404329608,63.91868992253925
164,74,5.848446060416261,4.167045321913377,5.290261348491772,5.9654543652044945,39.91611452547731
140,53,4.9473557727460244,3.6435842238551723,4.301527863237871,5.032759139075476,43.17601276543193
159,43,8.34080764616194,5.955109608201222,3.3470630065265685,3.5361854889193407,61.45276998103208
182,67,2.321594347322743,2.773990713020721,9.383455976495846,7.4274872317502165,7.004219014464463
149,40,8.310715276458525,6.7793730896127915,0.8905934529727779,1.848059752144537,82.24067383556903
140,68,7.904452254756708,6.104472434576607,4.078116604690019,3.7569941324164273,65.3421161113637
160,41,8.736873504821691,5.51327183010536,2.573961563841952,2.45822705394251,72.63424644178352
161,72,7.545816308488865,4.506764275346139,4.898516052448983,5.23572496504462,53.692300108239046
170,74,3.062654083722667,1.5361372357337442,7.482576670367044,9.565838161104143,11.047711099174473
162,48,3.796269105990614,3.803760589367258,5.5054027719221175,6.678041524751175,40.50356132969499
140,53,2.4476515679315645,4.362589850308606,4.683762555182334,7.282193161364164,40.53735828485561
166,100,3.907079289290715,4.147395590523481,8.292865765449992,5.916819725247754,32.10429900432169
188,80,2.2245793194620482,2.287985887729896,10.0,9.51844881123909,2.995032490474936
157,75,7.121294160074122,5.628497159833955,2.1640660922353154,2.3508087136261273,73.72542425964774
178,65,2.5060106251590573,3.0431088347040416,8.640811586938705,9.440704108067722,10.97844580625007
167,48,7.935087482726646,5.237187659585722,5.80767617460089,2.6947276611396473,60.630813304508514
156,64,7.510169236351256,5.202584113120735,3.64403021203701,2.318891332933169,70.32174964672157
149,40,7.237774631160463,5.100903486289448,3.2633259293463417,2.757967144423578,63.47863229336947
140,40,8.534569205376648,6.932176653614003,0.0,0.5100454131573845,95.91422519779749
156,75,6.170756139233135,1.9670190455162195,6.5424812355370605,8.914919094952953,10.329815508513862
142,51,8.656131501938162,4.957203878727915,1.7835684102155305,0.717724270968701,86.71671591051991
155,79,0.0,2.5240190937221314,9.288185938791381,6.728352026051181,2.9190234848913255
142,62,5.578567644544055,4.183200112997425,6.659580928257198,3.9615939925350756,53.4916854927084
147,93,3.837137754552047,4.476642552589973,6.59649454391536,3.750645138392225,40.424361793925875
167,55,4.567491223755492,4.951126067316162,4.443495806697974,4.325371796668009,52.41838603937582
168,54,6.249738453969329,3.761033163675909,6.295850538298364,5.671521408021757,36.50998770600098
160,40,7.906498013574484,3.8668407599483894,7.986199987758189,8.260585669089723,19.056691494006806
159,56,1.3203815480724472,2.433594974361121,8.9145341716787,9.671326606697914,1.912289744868978
161,60,5.998747528850606,4.414771305703308,4.54649952793682,4.041872995559061,51.814981379117434
140,48,7.721455910663382,7.0,2.7466475312146654,1.9746110539062367,84.27768626848423
156,82,2.365684556472906,3.3219468861258283,5.752629341002227,4.429378990353024,37.32159557447942
175,97,6.276918511258451,1.8507508884053603,6.266152712159633,7.037584878082741,22.286381801498024
161,71,2.137971329908946,2.2240934915803114,7.797417485196022,7.184199958361993,8.053200347184408
172,65,4.743361284217741,2.900542897435852,9.095730486354915,8.277968272021027,8.531092311870337
165,40,6.529009779708398,3.3254232458832633,7.744796204172988,7.736509008113174,22.13964462927722
163,78,3.5196114144819157,2.364206042752765,8.764418025868245,7.6556265203342635,10.001406092155518
153,82,3.273813569355426,3.674881681857347,6.07392607845116,7.409836894028365,26.503969836448206
160,65,0.0,1.941736234263936,9.515955569022303,7.569670782493324,6.614946211695472
160,50,4.448867197141661,1.7348399720551106,9.145102667536145,8.503646827721845,6.560486720992564
140,43,12.209041524380199,6.002195654590032,2.307057770635459,0.4257079348447388,85.6276179622782
157,65,3.458526416705406,2.4426130074447934,8.793859734341842,10.0,16.212026070883322
151,65,7.615438038537293,4.285816962300112,3.216386525994664,3.1187781940981347,55.9682405823448
156,51,7.8325727869708,5.7853325114976215,0.998823891832922,1.7755553118355574,77.34555444490306
153,40,5.284763605309832,4.907570590322773,7.022456554193774,6.194076526830368,45.64095653390666
173,77,6.378420477355107,2.608217249471655,8.527409895859694,9.61352699498197,15.336887785934572
164,63,4.653908340053046,2.537510051922871,7.826943770967686,6.6351836142868486,19.959614212011434
145,71,6.051234271834918,3.896009144951732,5.0847259324891505,6.27823880140226,43.29842062811807
154,55,6.890421366063772,4.528991928428348,4.27912431906475,4.1875642982918375,52.82340891785358
160,62,5.631759697898022,4.025873202306704,6.523193287602431,5.896142199367573,34.944029204853486
143,40,6.05132733542716,6.296816639434117,3.516666490801777,3.2476164579318425,78.14796002346614
164,40,8.002292148340459,6.638391048036689,4.073859007443381,2.4496336933196887,75.10216488563984
152,44,12.068669353666769,6.353653143771287,0.40421816508255043,0.45146085844266165,92.7211807373118
200,58,4.395581942207337,2.398441188708864,10.0,10.0,2.895254902696054
144,40,8.426559753850809,6.384577233549295,0.42953007768916296,1.3067691275077489,89.56912912102034
148,53,6.038906928851697,3.461298819939405,6.999235836194935,7.341353287599602,39.2568788462151
140,68,11.03906887130759,6.392870884772822,0.9924935864343615,2.40102314965437,87.83724953799941
152,61,8.334428153954015,4.349391996840442,3.9832731159939487,3.6926330502751012,69.07847761565296
152,60,13.655433143191255,6.740758223890371,0.2716684680061646,0.7892730076081649,98.73487570739682
140,55,8.817285910845598,5.751765514678304,2.651990786997088,1.4440540887053737,75.9282451716668
177,52,5.917940078737986,3.6843193579026807,6.732166402933683,6.289370170740175,36.45446259967866
155,40,4.885230396816943,4.136169767825282,7.0190673011115186,5.385905158980778,50.10631728347521
161,77,3.1279082050279663,4.121030120769715,6.868516102565324,7.460838228600431,37.63891551943512
151,68,7.098560109028021,3.5609976416062907,6.70982485515148,4.7542198952137475,36.49118360212381
156,60,4.2330030453371466,2.876264340869836,7.840642580530417,6.474802924485246,26.090449938105976
147,70,5.324619110287484,4.474107164881115,4.734451408068443,7.09719089980356,49.59702953734696
151,73,8.618181879722348,5.23821567993718,4.292009084593604,3.363020263480623,68.17399450693613
174,59,4.020487937718624,3.847719832068085,7.713877813388892,7.159888037966363,27.734027130524353
144,80,7.729113596427366,4.849311017560219,4.452351074975595,4.727847909441043,52.437981107721995
156,59,4.18327054874782,3.1421566587657233,7.368879841171707,9.31100180938449,11.738029417055717
165,78,3.181020186061736,2.3722034890350447,7.481023459202856,9.218848372570324,15.98452868541913
175,94,3.7140384391442356,1.9669127308308825,10.0,10.0,4.680635471218874
140,40,7.580370250311304,6.774295420117143,0.0,0.0,97.07314427706328
169,66,3.6864682380719884,2.2086305784386093,10.0,10.0,0.3860351510261095
156,79,3.479944082774926,3.704181765906492,7.83312405682699,9.411636331568218,17.85799680576563
142,52,7.234707489754517,3.8615778274751467,2.1649503306996367,3.2064541334231125,61.286675311699234
177,46,5.420684017088446,1.9234844186916438,9.026048548475075,9.677437155460101,8.13695988533053
140,40,9.219916419438693,6.762367904673518,0.0,1.6172136950288827,88.18965030968323
140,66,7.05540954822882,5.7065393574072365,3.420061721459009,5.28742389960081,71.96201578422881
147,57,11.244373475526443,5.904996512158466,2.7426868746623256,1.5869752802313148,96.63899714378934
151,57,6.485112730347441,3.8821331487720125,5.2388469415128425,4.058419805318924,50.763554724076485
157,80,6.907748946328436,2.9193581982549994,8.25675275052546,5.843580290661792,30.04036831584872
157,61,5.7277105165235955,4.478780110918199,4.835997556006556,1.9732295994363755,54.950057279527144
140,50,9.06896260310526,6.4065213732371245,0.0,1.368613959099894,93.08187172979731
146,40,5.171977106800071,4.90911182242643,5.345159178136617,3.968836194032387,52.07614372418605
176,69,2.887711370126608,4.068570121681098,6.563369516888356,7.326274820604004,26.720703186231866
142,49,9.386826753149311,6.528666622422877,0.0,0.9333540745755579,87.73987891741196
163,62,4.665980384568293,3.8612987551412226,6.563416956994842,4.567476866596423,37.19187485124613
188,77,1.8971148292429758,1.7768364984613487,10.0,10.0,0.13833499989991394
159,46,4.938129327065862,2.8845524139226417,6.417895164298894,7.054737702783629,24.768502249231595
185,69,3.638460423844317,3.510172972030221,6.792039697165171,5.796427516110653,31.82335091770624
146,59,8.889981368857326,6.1083506077913166,0.0,1.7233330874387318,85.87774682319022
169,91,5.422699896537577,4.9020693685557335,7.721899503989115,4.860596929776037,45.8503167066445
140,80,8.8695097872099,4.963257366297917,5.655537927273595,5.026422042664306,44.45872878113008
162,77,4.098608577261386,3.1370759438364972,6.050196890552639,6.732411358988357,33.61022663998874
140,68,7.126010032194415,5.370955276699234,1.1449898402980758,1.2485825598310727,88.06781230470796
151,59,8.78494767945242,6.268920097579023,1.310224926765498,0.7336923079447752,94.50267769403914
140,40,10.175337158914122,5.964808433116647,0.7937028684264986,1.1555322771726673,99.18903291546293
155,64,4.320396955971067,4.331279496435619,5.10370402511214,5.423697062445424,37.674126696098675
140,73,8.931247412071635,7.0,0.7272878411977755,0.35623450262020595,96.61474456271714
140,43,6.6293232403304945,6.357583369297891,1.8636214583306403,1.025828879710437,79.18795696309013
140,53,6.458910636459576,5.759764388929989,4.73551176596499,3.2968340521941752,67.56891476442668
162,40,5.223461566730117,3.559398819973397,7.430716283112121,8.443109938860976,24.488947942009943
179,95,5.845376734394059,3.7372833929198506,7.434576651643286,7.69174438229844,21.64572609442098
156,57,4.757835988080587,2.9192027991018574,7.839635224884429,8.882408238640148,16.604782452124567
157,84,10.903735735397031,6.81278821505103,0.0,3.3876145868040135,92.27566102253654
160,57,4.938946286218514,3.3592018128904613,5.624388103100134,7.968155481170574,29.407666238316608
171,50,7.138923912256098,4.636485871695548,4.222651313168283,4.79895010204686,45.30942454488785
140,77,7.064712614161605,3.2669088319768305,5.55100491396411,5.206720643751131,49.39578339872235
153,67,8.415276678868965,6.2621279043904945,1.7597963003285861,1.8005339581794115,77.81715954502542
153,40,5.25244589159915,6.608165391934682,0.0,1.2504758233764144,84.42349615530242
168,75,3.724943091025522,3.5988685908203566,7.324397311125651,8.879591163251014,13.90727011486128
160,67,7.371863152061673,3.4421887370626374,5.917879850422033,5.737101860128128,42.69043602110737
140,48,7.6917504952902425,6.308275170160965,3.2395134717184666,1.5300386093797824,84.28548878354572
156,45,11.452721175129579,5.994690857442092,3.3054004835437465,3.0717147818046513,81.80333057558384
162,63,4.956765511802377,1.7533668969462008,7.666580369128791,8.390525181837498,10.24137584524164
158,51,6.3724599806617075,3.4040852943988167,8.036028921386022,8.454533951587699,15.6383348867963
167,58,7.774570745986367,3.7422345587033417,6.267751491012769,6.569761410825545,30.41986915994078
177,61,0.3764940935463934,2.751036266345903,8.96122508495067,10.0,7.5359069083340335
162,49,7.408609626167778,3.2053363253059763,6.314539770632279,7.640792322735035,42.46630028405929
183,77,4.125136837549648,1.990011714402347,8.70137446495822,8.273786363685893,10.76177051495819
156,63,8.75138090604783,4.581029978931061,4.420414391326606,5.768880009233984,56.8217593669845
162,76,6.193677588435105,2.9940986759717347,6.171183556133204,7.735052365487194,24.65569398111561
144,40,6.3152848158962005,3.921470607878824,3.4851661835538668,4.143194500030512,59.64330653496227
171,90,2.346010400686097,2.1918514468952353,9.766600599513902,9.235748097036913,11.752564290363765
158,50,8.339907548754397,6.795033668254092,0.6578739669968603,0.4612883349841462,97.58838684185334
140,72,9.781890573838108,6.467850060705952,2.2331931117274553,0.0,93.25612038573404
153,76,4.345007154548078,4.103783639994475,5.619602625804623,6.009119861033318,39.17969385646658
166,66,3.2637054170059177,3.035332206750221,7.226159214687987,7.358158670319966,24.217859412608544
158,53,3.833877703600809,2.577600403917626,8.188390514897058,7.300429894017091,25.039821285357277
155,44,6.873468271340657,4.370455702808692,3.820105468134475,4.777231836424673,48.3393535202392
172,64,2.0775953704409,2.384792613237149,8.203293876703171,9.450845345849316,3.9992801900716968
151,41,9.050755278233538,5.0021327048161774,2.3506420068223504,3.809439785744056,63.9705106075127
159,48,4.685752575090547,4.117142333170486,7.109965852572295,5.426249500570279,40.83029083397448
152,50,7.693071197112572,5.359525020110201,5.368087919769629,7.563986705958969,37.74065725888873
141,41,7.133415805405056,6.861233819420148,2.1523306941891884,2.9396990139456234,80.93649714891984
153,43,7.661877088004203,5.371968015301382,4.094539019826791,2.517201924153197,70.903546018329
140,40,9.834164866535593,6.262286019767811,0.0,0.732850100964243,95.4333815392692
140,61,4.018139607185421,3.8270122141507557,6.802539977107342,6.430636193501522,35.193624049569074
157,61,8.180850404619328,6.417361047973266,1.1671607952776846,1.3029160306475212,89.75427646494055
156,40,8.760095553491963,5.719347443371219,3.1881307927659055,2.0794436124620823,76.99671862500888
158,79,4.802730162552738,4.1956476403558085,7.810145092729499,6.833362619045557,35.7424651594713
166,91,6.50076034637654,5.145204108400654,1.7198150004687105,2.0965073492817794,62.16654364532578
144,53,4.394831565407432,3.741956291970148,7.532431564817968,5.9820009280381505,28.856995765169557
140,76,9.395002750732033,6.446829735247665,0.0,0.8068020576221796,87.43999170748424
165,60,2.5278651826560683,3.922179190845624,10.0,7.247167010677974,11.242731721231126
162,82,6.982172250515168,2.255279857497948,7.2001414359059,7.800905007388034,21.243436129404103
171,40,1.4557646443794447,3.6766692033124118,6.955692434474583,7.1796498764664385,18.303329207992114
140,46,5.879787777606042,2.8226218969597427,4.24619641787774,5.467629597549221,40.302600240428866
140,54,7.993453452797095,6.18452025498679,2.536111358803025,2.5307700426110866,74.52329600321292
158,68,6.154088789192099,4.092187921165937,3.4474796523156686,5.392670297959549,52.69074490521803
144,50,4.311676274292923,4.530153040413636,5.784151935161364,5.6451740820432015,48.76763235382076
200,40,3.9336578363474874,2.9271295695461017,9.878836304454627,10.0,0.05459648969956543
166,41,3.4704663286786728,4.326482186813094,6.046693459514056,5.642650910471302,42.54017253550547
183,48,4.227894602813959,2.7637505325065606,8.402594861524314,9.240279057402665,6.355377483615843
157,63,4.303662328604793,3.6570165995520005,8.596309575691738,8.422539789689655,20.825325212148382
140,45,8.718266213734621,6.650262628663249,1.0867253997629132,2.4225930074554647,93.23939389604944
169,57,2.5902086856946145,2.7028898456585186,8.615181039280115,6.907542414472022,21.53982043432382
148,74,7.926382984190177,6.366085827040577,0.0,1.2116054071995346,85.83376386342624
150,63,5.093286864541692,6.233540936133434,1.7107979695313988,0.5302196330762665,80.28933715613343
174,56,5.039782861752109,2.9875582835541725,7.75305661628796,10.0,15.914623694224284
142,49,7.447125319190354,5.803127568313496,4.75800950374763,2.7252345319620623,60.571195727027884
182,40,4.578445330298564,2.2150176030726416,7.738903924512219,9.887072421188432,11.566187190501331
140,52,6.293537296289945,6.1270387236877255,2.695273937985852,1.0843184974714946,72.78881583695114
140,68,6.567613456744638,4.544917634166859,2.9406824872763404,2.7942044219459024,63.746227737220664
152,70,9.576272856698546,7.0,2.6236432266688032,1.9190074835840625,81.19385616910193
154,60,6.70655229600498,4.510551279057761,5.298928032513928,3.773381394611537,47.93845493891881
140,40,11.054988737875592,6.009732289372081,0.0,2.501590480726936,91.48630878333829
149,62,3.9825463515353636,2.106078750545169,10.0,9.41080382096997,4.934894678843971
144,60,5.556084375048206,3.0947344750034462,9.180851313106578,9.293983076042714,29.288856502701467
149,40,8.213772887922214,4.283102434294378,3.3607765186132568,3.1571565751941795,71.5052597465167
165,79,8.0356800521638,3.502222242106293,6.740378222402772,4.094585660219903,41.810921174800086
168,83,3.4931293502883496,3.350357491106182,7.474374830623297,6.575287518223459,17.29513542711564
157,74,2.7830972605200697,1.9160426017166436,9.083676833825566,9.206195219714582,10.721074542854602
140,42,8.741098830949998,6.425981144290519,3.4530994185757296,2.7649100963912465,81.73391114616214
163,64,6.255786853916485,4.756015727327307,6.952544879597341,4.394467265933607,47.31429784656442
167,71,8.81056449145159,6.8769234406027016,1.075385555095305,0.030955124304175685,88.22836719191073
140,63,9.452130565099008,5.781847092842884,2.640108389623079,2.0213394899764956,73.3289134316726
153,47,6.4489786533063285,3.5725376236644975,5.34664054983369,5.0818648347310225,40.97262056307436
159,47,4.858194639268594,3.339086115211936,5.929947878726346,7.408519121619904,37.351101415568365
144,82,9.846020571093723,4.583243974516799,5.27418100336457,6.2561959514601515,51.56383466512517
144,67,8.369491169302021,7.0,0.79454876827542,1.3898200480098502,88.90599531897287
160,54,9.044429632853545,6.108110482964707,3.1595474980943368,0.9449640194973805,73.72785797141678
171,68,1.7582058032758519,1.5100583857610252,10.0,9.52423434357536,0.515296426902323
155,64,7.048173448755737,4.779929283995397,3.6950915524040915,3.718953841483192,69.41578513691256
140,40,8.909664178536396,6.569001138070376,1.9957990768619742,0.771787311087789,91.95074069058207
147,65,10.76199900367429,5.7571801717581526,4.1138197664890255,2.857004909839498,71.04557595044916
152,61,4.399732242175368,3.246455097806135,8.14276509894232,7.418285452014854,17.700578156749593
177,82,6.66680913661736,4.336619825333334,5.297989352044195,5.339001839892061,48.35181274274587
171,75,1.824046101159405,2.6451823458122603,8.650103993668118,10.0,14.031601792341942
155,59,5.854738807468221,3.1147075407865046,5.115567702505418,6.190758676953994,35.899527833963205
143,40,8.014561533110962,7.0,0.0017338561195530122,0.06737838180238775,93.71170419405178
154,65,8.448842823035665,6.565568923303889,1.8001555692366435,0.0,92.33053075587083
158,80,5.645851330761678,3.9570571046196843,8.012789982902591,5.937380279703781,28.28368521760829
176,40,4.670678630691411,3.601624050455315,5.484868432662298,7.7390814757929265,33.96310441661991
153,40,9.471649882036662,5.257582268919181,4.908506687167827,4.851560300782654,60.02128681312939
140,40,11.680487696953051,6.917319870678613,2.8315210909294994,1.0299792109339596,96.319729526038
171,54,4.312185320196906,3.1299367483675455,9.827463076769359,8.716029439026753,14.780133406539042
169,54,4.9070689518400705,2.986784471802067,6.92298445937763,8.682818889713644,25.69166436866691
141,47,8.843451150994376,6.464737764234697,1.9045971839411007,2.718467108855762,87.35568272907715
148,56,6.92896677751493,4.33640211988371,2.9861749988160304,3.5933865348862435,49.18922317083445
140,71,9.997794215578692,6.347159906367405,0.0,0.4817613391253591,89.89610922270317
170,88,3.9171359657697065,3.4788355619227396,6.011881455947162,7.583459024195136,18.551789752317628
150,63,4.9823480967443174,4.884298308118569,3.4518951927642343,5.132733473516689,53.26685874713607
142,87,5.668981588092401,3.0420898111652295,6.686209939423082,7.198788720217809,32.62696326493724
164,63,5.481105142196671,3.5156942577092543,6.207620632175883,5.99301860393406,31.654255989247602
172,51,5.116955479982382,4.046458943007818,6.439768037610692,3.1264738532682603,44.68769639461991
158,58,5.9499382724584144,4.2236649909713595,3.8990866797828705,4.174770369781179,43.30774491012684
153,73,4.2762891975781905,3.218242703308432,6.553643564236501,4.221802661467594,35.734687967795445
140,40,10.308789935296524,7.0,1.0528280779209014,0.13982236057512698,91.49707703156186
167,52,8.357960337515838,5.743696365536057,2.90194487805965,1.996054011991629,73.17441854328928
140,54,8.370082809170505,5.06285388376475,2.582577331701005,3.2117156566964504,72.75469913315297
160,57,6.116329883854901,3.170684879137749,7.572124227501911,8.071198204555348,28.99134495919554
144,56,10.3314171751081,6.104825019207314,3.1012737402194874,4.242070837234247,57.770942431684034
150,51,8.513549896520178,6.910928912488373,2.443095771506741,2.2387631011883107,77.9179433301834
157,60,9.451927603117419,6.136560865223976,2.3101676567285843,4.170135485267759,79.5590368543213
159,47,7.041068001373358,4.243679785561995,6.676816701077886,6.937235772402569,34.453046075431224
140,90,8.256091564337197,6.552865137773845,2.2573135860962097,2.393048770448457,77.08727565686479
155,71,9.497391091828684,4.986453616087671,2.229148694690277,3.884830683237884,73.5893896807733
149,50,5.872452763343038,3.0453570927812588,8.824543143327597,8.669122737066925,14.150648562190026
140,40,9.080243925142062,6.225326217636934,1.7855846698990192,1.3665699525498927,86.59454685664772
172,81,10.35190130820401,4.227413515083632,5.732399090292714,5.190479118502084,44.13214701804108
147,61,3.7839981176048263,4.249655955850373,5.314272084096597,5.343011646600747,48.641044888866546
173,98,4.979518168177886,3.550514769381602,4.636745485610997,5.02804827137581,44.836917889799736
158,55,5.2276089874534435,4.855587109784197,4.404457830852617,4.204685557319588,56.78460014775075
153,40,9.071514757177146,4.2408237856452935,4.010378455176658,2.8596458012505135,62.11692473670547
157,48,6.90486675171515,4.184879560581299,4.758343964145616,6.124330393083696,49.81795657629434
140,45,7.944277910429071,6.9168762599493245,2.6292069591108627,1.0866963862856873,86.67885432590955
140,40,8.592285718802229,5.531112891141404,2.071906763077064,3.65910783598293,62.77347561952844
159,49,5.372595430791343,3.7404475727240154,6.597230208715831,4.656654767501435,40.14279493055199
165,43,9.8619275344143,4.768555090818851,5.507767360646238,5.570277832631034,41.6691756908711
147,52,7.919728251227859,5.750993475827293,2.003316955044597,3.3756562289350702,81.08386151289514
140,48,7.070974558067021,3.2866228701402873,7.26600751316546,7.103364884820988,34.81919427465201
167,41,2.9696355192848385,4.199716644047437,8.342626637473792,7.206207655117735,21.145479578241357
176,70,4.2241802224486795,2.6410688529935977,9.506929901905856,8.997881841819698,5.938318800578923
140,43,8.457334775673496,6.711332606621739,2.6780851485871424,0.8972008696683154,87.60268479205742
159,40,7.478880207262751,7.0,0.0,0.28347566652521483,91.854645119035
147,51,0.7658054573806781,2.8727878383520653,6.8440777863381825,8.546218661991484,12.012018216347597
167,46,4.913460639045615,3.3091083465816937,5.896406030854333,7.894641155083525,33.447374149611484
173,54,5.700410440339615,2.5333869502789406,8.365705533697215,7.630113582797322,17.537206951524386
173,81,3.8700980970430527,2.7474470258815358,9.57742544662251,7.966627863064435,11.589846882587974
140,51,7.174829091357964,6.743581386953351,0.3354610665578356,0.0,89.98667430000302
163,64,5.514073129934953,2.7451466172337238,9.379116288745767,8.85236452781185,5.687725914535546
157,40,10.500531949643504,6.847611567355346,0.3371582063274987,2.548917687253951,98.04856634690069
170,40,4.848497281771924,3.4062378460484948,7.834667585069666,10.0,9.645086069738419
148,53,9.714964328924609,5.654776487067978,1.3511647167812495,2.0739293070220164,86.34706491935857
156,77,10.770914045960449,5.797598522798784,4.507220708328985,5.348270229489848,56.65061069891627
152,70,5.846208403797525,4.541232495564401,7.339327579943702,5.680528623463935,36.791748781787334
180,48,4.195473551404342,3.8751666512288114,6.939131537860039,6.101353863109225,34.23423766251579
153,43,9.92127843299344,5.940276767661063,2.2070774733592238,3.6746968597441834,75.73641432377087
163,45,1.9277120286986849,3.450298096946088,7.539608236148737,6.813044353257423,31.45732950042872
151,52,8.033697644262748,4.878103946086089,4.437776615014919,3.077385363126497,65.73189166171419
150,42,6.053177913777891,4.361783762647086,4.89877813505287,6.113686273153059,51.732608351608015
165,41,8.31923133235023,4.628080318628253,4.618571815249241,3.824152778750766,48.49656451580705
140,51,9.377663601251989,7.0,0.7278891463005597,2.08100366125854,90.11621706491616
140,100,5.749651448007122,5.215946096771518,4.236118808864265,4.836904643845921,55.46450586202596
161,75,8.996774180714317,5.414233571469449,2.7174762959745715,1.0405197587175565,82.68616030486949
156,49,6.116758061930646,5.129002428613785,3.064239008994459,2.672120949093183,72.55735341014893
174,71,6.041021752148074,2.6630019759393226,9.57510564086519,10.0,3.855724605899835
150,65,8.066920452990589,5.879390326392617,3.783120423621975,1.8043808581437282,77.31100525054192
169,58,5.551511024413314,2.5694890538000164,5.957884600883527,8.646466210176065,21.687025009104065
140,72,8.378222251410111,6.036150910861682,0.11219765620134203,0.22349370432892768,90.31496468515715
174,50,3.959896502688454,1.6190974365151685,10.0,9.929301572721728,4.292419060883201
166,56,5.206033909417644,4.543117853879709,7.59127804245939,5.346778901472291,33.307203447431874
173,77,6.587962583614215,2.475767615521096,8.113576833287327,8.466423742960226,9.973294723475401
140,40,4.121511507764291,4.370257077956177,4.697477308386374,5.299782771533758,47.55891170848437
140,74,8.120205091120175,5.928909982625097,2.360540622899938,1.2891275690109494,82.00224358697518
161,71,4.32386126519642,3.1897057109967424,7.835407038389962,5.597908817519126,29.81873596630641
158,57,2.209969247065305,2.000869277520337,8.255995101922803,9.65659100262054,15.09348973110416
149,60,5.119020855568505,3.8097481617466924,8.132918813669686,7.441617480285443,33.02670356968992
167,63,9.977616459072085,6.718885958392955,1.3143785035020341,1.2158756814778242,81.3880141920636
163,44,2.8910601787663563,2.530027141454558,8.720924265550186,9.06951197895794,14.038395779934687
153,72,4.572593476063575,3.3168426309644334,7.098100275656303,6.69192511935712,22.73624490775018
153,50,4.163581150412971,2.917972982490676,9.060230482985347,10.0,6.8851964493373945
159,56,8.764685915566067,5.942380004822479,2.9834590285927485,2.195867001294461,70.57100439896077
163,42,4.9896681371253315,3.578734908922886,6.54435618463182,7.814409869890497,39.52332435363368
157,66,1.557337289454237,3.393456926671519,7.610864716763303,7.919162903562292,31.083997714331602
140,40,7.359897786470318,5.66810533974506,2.301555334658171,2.8659403984366567,71.86263903411519
162,51,8.456055883888009,4.525640688179453,6.918907808191148,4.666257526776417,33.59775423402552
140,94,6.685262434577015,6.261000513562411,5.050002718713314,1.6108828483819158,72.77712732144181
140,54,7.128209516642967,6.020135454835896,3.580470179861716,1.523396247214321,81.51993953143135
156,73,4.829184363024558,2.1450141949041512,7.687865921154717,7.472767965732791,21.766284345773844
140,71,9.827427666064422,6.836455194884393,1.202515967800637,0.0,97.38186968459833
171,80,3.10593003232486,2.387583857095996,10.0,6.474661907608699,16.235794791266677
170,68,5.0125133402901625,3.9121011774106833,9.156741863125442,9.150806305788146,29.084090665674257
150,53,4.011449756465661,2.45846850381875,9.377035483724667,8.370611036479675,17.979529083354162
148,41,5.97726617497668,3.3891836477093897,6.609408830075553,6.587720310966211,34.55056563563345
171,53,7.023095787994469,4.436181442063983,5.533914214088433,3.8448933177511693,48.006088782075565
142,58,5.0307906527504125,4.563696236225051,4.502306591883725,5.305679861251654,52.21758690021191
140,53,10.018802176038966,5.8275226450639535,0.5600701913088382,0.6473160462365013,85.3606042296272
144,69,8.896002569071152,7.0,1.1793144555000608,0.4723586230049721,88.94479088158666
172,48,3.5830869660676585,2.567879792654128,9.51348180022096,7.781186519421732,22.010386078090637
140,51,8.927826652097979,3.579866747096326,3.766113226591198,5.308660669336029,62.289403218575245
169,104,3.739171040536187,1.69580304709874,8.426959123885046,10.0,11.14960572987156
163,42,5.672840756795171,4.402118878021521,6.304233150810747,3.902967755397178,45.89698601820683
153,64,4.86193080420472,3.5735834080965785,5.215705698620159,6.843240901704144,32.23335380466181
176,75,6.008651844513152,2.7562570641803,8.034753252332198,7.2129539003481495,31.65007454536064
176,65,6.652466286917376,3.4833671035427205,3.8170459085384376,6.076315564822603,48.2584241712101
161,40,9.124040884814386,5.652360507778621,2.916498822021159,2.7195989679379853,72.98276355292676
168,40,0.7447602226234395,3.067673249314141,9.912323729423496,9.20211200930371,6.91826587923895
169,40,10.849783695776221,6.615261355703006,0.7255637560457006,2.1580419190870836,87.91733376874045
153,40,8.017352204031093,5.259311983279066,3.0781753198258426,3.797435866945425,73.4813774630561
155,62,5.0675290163645945,3.1053105831015704,8.59306005576506,9.411227679110429,17.649938888906014
152,63,11.670167333657723,6.28092228265546,2.7039916112864724,0.0,93.91609090873703
152,71,8.598956738325992,3.389252902696853,4.657535578048214,4.430384596946343,50.631222402338864
140,40,7.939048217347109,7.0,0.0,0.0,99.98085781169654
152,84,5.903495960768377,3.1055461602456873,7.757106320459117,8.101627897989298,19.725947430073766
156,64,7.141436569771475,5.14021304140417,5.653506106224942,5.193315811493098,53.490819838320135
143,40,6.579020170911181,3.820387353945672,7.798695277690899,7.769503504630831,29.02480425599284
171,40,2.761526966258701,3.507176013518722,7.130515556581426,7.353792413955784,30.417355738924655
141,74,5.65131278982365,5.337751988868952,3.911961128820589,4.282264938576853,59.106538083399016
140,66,9.837122621651208,6.1927317876083565,1.5619088331722284,0.7411269482575465,92.17190668708332
140,40,7.287405284696801,5.3208906834141,2.8109615183486247,2.5296680081415808,80.52638555791751
165,68,7.487426679137042,4.720567593087992,1.755684974672494,3.1680868388949444,72.39413985013259
141,70,9.028875566648711,4.446789499796802,5.040585628390449,5.342702534722555,55.91737821017022
140,40,12.801050394503521,6.914943493180918,0.013195136570002042,2.392701082998877,92.22985036674477
168,72,6.162102200985696,4.886900541411066,5.384308468016547,4.673318960005268,49.236140669088414
155,40,10.545525187999845,5.943710151417477,0.9328768075609113,0.7201983152334699,87.38321783347182
140,71,9.0931856083077,6.389091711134736,2.054813638931657,2.030864977661735,83.39816438766317
171,93,5.906674647324743,3.381599936663223,8.740135911730373,7.447309649999209,21.383534680158654
146,40,9.196821097929428,6.293099844671324,2.157079703461567,3.5122483028917624,77.12254629659103
169,73,1.2270362214432946,2.2511992042882434,10.0,8.117054346143377,1.2171156943258765
156,60,7.193954825781841,3.1324221926505404,5.357046914119773,6.793788860778437,32.28295375480875
180,61,3.3196631069847173,3.095171549371625,8.037462876633938,7.800691722808619,22.95674446919498
155,47,4.596844047519719,4.009072581823909,6.083281970967262,3.9970243992637826,50.68629584873135
154,40,9.955252772485549,5.075606403857554,2.503107646181188,0.6009416116915958,73.68531616807856
164,103,3.1787594501583083,3.223887230395244,8.329093518399432,8.387075645091043,9.767636744772412
140,52,7.8673765926435335,4.908140186083901,4.965489536081767,4.431266411162551,51.49222019367684
140,40,10.383942525358835,6.704929402698069,0.588440544503337,1.3274849229668955,93.84120216943856
159,40,3.1560444563006644,2.6826627618155987,5.984146991634682,8.324174507248733,22.864655098294552
157,49,5.3385550930408225,5.116993413268205,5.55986559926726,2.9641612695635353,67.71411441114242
